{"_version":"1.5.0","_beatsPerMinute":200.0,"_beatsPerBar":32,"_noteJumpSpeed":10.0,"_shuffle":0.0,"_shufflePeriod":0.5,"_events":[],"_notes":[{"_time":30.16759776536313,"_lineIndex":3,"_lineLayer":0,"_type":1,"_cutDirection":8},{"_time":30.726256983240223,"_lineIndex":1,"_lineLayer":0,"_type":0,"_cutDirection":8},{"_time":31.28491620111732,"_lineIndex":3,"_lineLayer":0,"_type":1,"_cutDirection":8},{"_time":32.402234636871505,"_lineIndex":2,"_lineLayer":0,"_type":1,"_cutDirection":8},{"_time":33.5195530726257,"_lineIndex":3,"_lineLayer":0,"_type":1,"_cutDirection":8},{"_time":34.07821229050278,"_lineIndex":0,"_lineLayer":0,"_type":0,"_cutDirection":8},{"_time":34.636871508379876,"_lineIndex":1,"_lineLayer":0,"_type":0,"_cutDirection":8},{"_time":35.195530726256976,"_lineIndex":2,"_lineLayer":0,"_type":1,"_cutDirection":8},{"_time":36.31284916201116,"_lineIndex":3,"_lineLayer":0,"_type":1,"_cutDirection":8},{"_time":37.430167597765355,"_lineIndex":0,"_lineLayer":0,"_type":0,"_cutDirection":8},{"_time":38.54748603351954,"_lineIndex":2,"_lineLayer":0,"_type":1,"_cutDirection":8},{"_time":40.22346368715082,"_lineIndex":1,"_lineLayer":0,"_type":0,"_cutDirection":8},{"_time":40.22346368715082,"_lineIndex":2,"_lineLayer":0,"_type":1,"_cutDirection":8},{"_time":41.899441340782104,"_lineIndex":0,"_lineLayer":0,"_type":0,"_cutDirection":8},{"_time":41.899441340782104,"_lineIndex":3,"_lineLayer":0,"_type":1,"_cutDirection":8},{"_time":43.57541899441339,"_lineIndex":0,"_lineLayer":0,"_type":0,"_cutDirection":8},{"_time":44.692737430167575,"_lineIndex":0,"_lineLayer":0,"_type":0,"_cutDirection":8},{"_time":45.53072625698323,"_lineIndex":1,"_lineLayer":0,"_type":0,"_cutDirection":8},{"_time":46.368715083798875,"_lineIndex":3,"_lineLayer":0,"_type":1,"_cutDirection":8},{"_time":47.20670391061453,"_lineIndex":2,"_lineLayer":0,"_type":1,"_cutDirection":8},{"_time":49.162011173184375,"_lineIndex":1,"_lineLayer":0,"_type":0,"_cutDirection":8},{"_time":49.72067039106147,"_lineIndex":2,"_lineLayer":0,"_type":1,"_cutDirection":8},{"_time":50.27932960893857,"_lineIndex":1,"_lineLayer":0,"_type":0,"_cutDirection":8},{"_time":51.396648044692746,"_lineIndex":3,"_lineLayer":0,"_type":1,"_cutDirection":8},{"_time":51.95530726256984,"_lineIndex":0,"_lineLayer":0,"_type":0,"_cutDirection":8},{"_time":53.07262569832403,"_lineIndex":1,"_lineLayer":0,"_type":0,"_cutDirection":8},{"_time":54.189944134078225,"_lineIndex":2,"_lineLayer":0,"_type":1,"_cutDirection":8},{"_time":55.307262569832396,"_lineIndex":3,"_lineLayer":0,"_type":1,"_cutDirection":8},{"_time":56.424581005586575,"_lineIndex":0,"_lineLayer":0,"_type":0,"_cutDirection":8},{"_time":58.10055865921784,"_lineIndex":1,"_lineLayer":0,"_type":0,"_cutDirection":8},{"_time":58.10055865921784,"_lineIndex":3,"_lineLayer":0,"_type":1,"_cutDirection":8},{"_time":59.77653631284913,"_lineIndex":2,"_lineLayer":0,"_type":1,"_cutDirection":8},{"_time":61.45251396648043,"_lineIndex":2,"_lineLayer":0,"_type":1,"_cutDirection":8},{"_time":62.01117318435754,"_lineIndex":1,"_lineLayer":0,"_type":0,"_cutDirection":8},{"_time":63.12849162011174,"_lineIndex":1,"_lineLayer":0,"_type":0,"_cutDirection":8},{"_time":63.12849162011174,"_lineIndex":2,"_lineLayer":0,"_type":1,"_cutDirection":8},{"_time":64.24581005586593,"_lineIndex":0,"_lineLayer":0,"_type":0,"_cutDirection":8},{"_time":64.24581005586593,"_lineIndex":1,"_lineLayer":0,"_type":0,"_cutDirection":8},{"_time":65.92178770949724,"_lineIndex":0,"_lineLayer":0,"_type":0,"_cutDirection":8},{"_time":66.48044692737433,"_lineIndex":1,"_lineLayer":0,"_type":0,"_cutDirection":8},{"_time":67.03910614525144,"_lineIndex":0,"_lineLayer":0,"_type":0,"_cutDirection":8},{"_time":68.71508379888273,"_lineIndex":0,"_lineLayer":0,"_type":0,"_cutDirection":8},{"_time":68.71508379888273,"_lineIndex":2,"_lineLayer":0,"_type":1,"_cutDirection":8},{"_time":70.39106145251404,"_lineIndex":0,"_lineLayer":0,"_type":0,"_cutDirection":8},{"_time":70.94972067039113,"_lineIndex":2,"_lineLayer":0,"_type":1,"_cutDirection":8},{"_time":71.50837988826824,"_lineIndex":1,"_lineLayer":0,"_type":0,"_cutDirection":8},{"_time":73.18435754189953,"_lineIndex":0,"_lineLayer":0,"_type":0,"_cutDirection":8},{"_time":73.18435754189953,"_lineIndex":3,"_lineLayer":0,"_type":1,"_cutDirection":8},{"_time":74.86033519553082,"_lineIndex":3,"_lineLayer":0,"_type":1,"_cutDirection":8},{"_time":75.41899441340793,"_lineIndex":1,"_lineLayer":0,"_type":0,"_cutDirection":8},{"_time":75.97765363128504,"_lineIndex":2,"_lineLayer":0,"_type":1,"_cutDirection":8},{"_time":77.65363128491634,"_lineIndex":1,"_lineLayer":0,"_type":0,"_cutDirection":8},{"_time":77.65363128491634,"_lineIndex":3,"_lineLayer":0,"_type":1,"_cutDirection":8},{"_time":79.32960893854764,"_lineIndex":0,"_lineLayer":0,"_type":0,"_cutDirection":8},{"_time":79.88826815642474,"_lineIndex":3,"_lineLayer":0,"_type":1,"_cutDirection":8},{"_time":80.44692737430184,"_lineIndex":1,"_lineLayer":0,"_type":0,"_cutDirection":8},{"_time":81.00558659217894,"_lineIndex":2,"_lineLayer":0,"_type":1,"_cutDirection":8},{"_time":81.56424581005604,"_lineIndex":0,"_lineLayer":0,"_type":0,"_cutDirection":8},{"_time":82.12290502793313,"_lineIndex":3,"_lineLayer":0,"_type":1,"_cutDirection":8},{"_time":82.68156424581024,"_lineIndex":0,"_lineLayer":0,"_type":0,"_cutDirection":8},{"_time":82.68156424581024,"_lineIndex":3,"_lineLayer":0,"_type":1,"_cutDirection":8},{"_time":84.91620111731864,"_lineIndex":0,"_lineLayer":0,"_type":0,"_cutDirection":8},{"_time":86.03351955307284,"_lineIndex":1,"_lineLayer":0,"_type":0,"_cutDirection":8},{"_time":86.59217877094993,"_lineIndex":2,"_lineLayer":0,"_type":1,"_cutDirection":8},{"_time":87.15083798882704,"_lineIndex":3,"_lineLayer":0,"_type":1,"_cutDirection":8},{"_time":87.70949720670413,"_lineIndex":1,"_lineLayer":0,"_type":0,"_cutDirection":8},{"_time":88.26815642458124,"_lineIndex":2,"_lineLayer":0,"_type":1,"_cutDirection":8},{"_time":88.82681564245833,"_lineIndex":0,"_lineLayer":0,"_type":0,"_cutDirection":8},{"_time":89.94413407821253,"_lineIndex":3,"_lineLayer":0,"_type":1,"_cutDirection":8},{"_time":90.50279329608962,"_lineIndex":2,"_lineLayer":0,"_type":1,"_cutDirection":8},{"_time":91.06145251396673,"_lineIndex":3,"_lineLayer":0,"_type":1,"_cutDirection":8},{"_time":91.62011173184382,"_lineIndex":1,"_lineLayer":0,"_type":0,"_cutDirection":8},{"_time":92.17877094972093,"_lineIndex":2,"_lineLayer":0,"_type":1,"_cutDirection":8},{"_time":92.73743016759802,"_lineIndex":1,"_lineLayer":0,"_type":0,"_cutDirection":8},{"_time":93.29608938547514,"_lineIndex":3,"_lineLayer":0,"_type":1,"_cutDirection":8},{"_time":94.41340782122934,"_lineIndex":3,"_lineLayer":0,"_type":1,"_cutDirection":8},{"_time":94.97206703910643,"_lineIndex":2,"_lineLayer":0,"_type":1,"_cutDirection":8},{"_time":96.08938547486063,"_lineIndex":1,"_lineLayer":0,"_type":0,"_cutDirection":8},{"_time":96.64804469273774,"_lineIndex":0,"_lineLayer":0,"_type":0,"_cutDirection":8},{"_time":97.76536312849194,"_lineIndex":2,"_lineLayer":0,"_type":1,"_cutDirection":8},{"_time":98.88268156424614,"_lineIndex":1,"_lineLayer":0,"_type":0,"_cutDirection":8},{"_time":99.44134078212323,"_lineIndex":3,"_lineLayer":0,"_type":1,"_cutDirection":8},{"_time":100.00000000000033,"_lineIndex":0,"_lineLayer":0,"_type":0,"_cutDirection":8},{"_time":100.55865921787743,"_lineIndex":1,"_lineLayer":0,"_type":0,"_cutDirection":8},{"_time":101.67597765363163,"_lineIndex":2,"_lineLayer":0,"_type":1,"_cutDirection":8},{"_time":102.04841713221637,"_lineIndex":1,"_lineLayer":0,"_type":0,"_cutDirection":8},{"_time":102.4208566108011,"_lineIndex":2,"_lineLayer":0,"_type":1,"_cutDirection":8},{"_time":102.79329608938583,"_lineIndex":3,"_lineLayer":0,"_type":1,"_cutDirection":8},{"_time":103.91061452514003,"_lineIndex":1,"_lineLayer":0,"_type":0,"_cutDirection":8},{"_time":104.46927374301713,"_lineIndex":2,"_lineLayer":0,"_type":1,"_cutDirection":8},{"_time":105.02793296089423,"_lineIndex":0,"_lineLayer":0,"_type":0,"_cutDirection":8},{"_time":105.58659217877133,"_lineIndex":1,"_lineLayer":0,"_type":0,"_cutDirection":8},{"_time":106.14525139664843,"_lineIndex":2,"_lineLayer":0,"_type":1,"_cutDirection":8},{"_time":106.70391061452553,"_lineIndex":3,"_lineLayer":0,"_type":1,"_cutDirection":8},{"_time":107.82122905027971,"_lineIndex":0,"_lineLayer":0,"_type":0,"_cutDirection":8},{"_time":108.37988826815679,"_lineIndex":2,"_lineLayer":0,"_type":1,"_cutDirection":8},{"_time":108.93854748603388,"_lineIndex":0,"_lineLayer":0,"_type":0,"_cutDirection":8},{"_time":109.49720670391098,"_lineIndex":3,"_lineLayer":0,"_type":1,"_cutDirection":8},{"_time":110.05586592178807,"_lineIndex":2,"_lineLayer":0,"_type":1,"_cutDirection":8},{"_time":110.61452513966515,"_lineIndex":1,"_lineLayer":0,"_type":0,"_cutDirection":8},{"_time":111.17318435754223,"_lineIndex":0,"_lineLayer":0,"_type":0,"_cutDirection":8},{"_time":111.73184357541932,"_lineIndex":1,"_lineLayer":0,"_type":0,"_cutDirection":8},{"_time":112.29050279329641,"_lineIndex":2,"_lineLayer":0,"_type":1,"_cutDirection":8},{"_time":112.8491620111735,"_lineIndex":1,"_lineLayer":0,"_type":0,"_cutDirection":8},{"_time":113.40782122905058,"_lineIndex":0,"_lineLayer":0,"_type":0,"_cutDirection":8},{"_time":113.96648044692769,"_lineIndex":3,"_lineLayer":0,"_type":1,"_cutDirection":8},{"_time":114.80446927374331,"_lineIndex":1,"_lineLayer":0,"_type":0,"_cutDirection":8},{"_time":115.64245810055894,"_lineIndex":2,"_lineLayer":0,"_type":1,"_cutDirection":8},{"_time":116.20111731843602,"_lineIndex":1,"_lineLayer":0,"_type":0,"_cutDirection":8},{"_time":118.99441340782147,"_lineIndex":1,"_lineLayer":0,"_type":0,"_cutDirection":8},{"_time":119.55307262569856,"_lineIndex":2,"_lineLayer":0,"_type":1,"_cutDirection":8},{"_time":120.67039106145272,"_lineIndex":0,"_lineLayer":0,"_type":0,"_cutDirection":8},{"_time":120.67039106145272,"_lineIndex":3,"_lineLayer":0,"_type":1,"_cutDirection":8},{"_time":122.346368715084,"_lineIndex":2,"_lineLayer":0,"_type":1,"_cutDirection":8},{"_time":122.90502793296109,"_lineIndex":1,"_lineLayer":0,"_type":0,"_cutDirection":8},{"_time":123.46368715083818,"_lineIndex":2,"_lineLayer":0,"_type":1,"_cutDirection":8},{"_time":124.58100558659234,"_lineIndex":3,"_lineLayer":0,"_type":1,"_cutDirection":8},{"_time":125.13966480446943,"_lineIndex":0,"_lineLayer":0,"_type":0,"_cutDirection":8},{"_time":125.69832402234653,"_lineIndex":2,"_lineLayer":0,"_type":1,"_cutDirection":8},{"_time":126.25698324022362,"_lineIndex":0,"_lineLayer":0,"_type":0,"_cutDirection":8},{"_time":126.8156424581007,"_lineIndex":1,"_lineLayer":0,"_type":0,"_cutDirection":8},{"_time":127.3743016759778,"_lineIndex":3,"_lineLayer":0,"_type":1,"_cutDirection":8},{"_time":127.93296089385488,"_lineIndex":1,"_lineLayer":0,"_type":0,"_cutDirection":8},{"_time":128.49162011173198,"_lineIndex":0,"_lineLayer":0,"_type":0,"_cutDirection":8},{"_time":129.05027932960905,"_lineIndex":2,"_lineLayer":0,"_type":1,"_cutDirection":8},{"_time":129.60893854748613,"_lineIndex":1,"_lineLayer":0,"_type":0,"_cutDirection":8},{"_time":131.2849162011174,"_lineIndex":3,"_lineLayer":0,"_type":1,"_cutDirection":8},{"_time":131.56424581005595,"_lineIndex":1,"_lineLayer":0,"_type":0,"_cutDirection":8},{"_time":131.8435754189945,"_lineIndex":3,"_lineLayer":0,"_type":1,"_cutDirection":8},{"_time":132.96089385474866,"_lineIndex":1,"_lineLayer":0,"_type":0,"_cutDirection":8},{"_time":132.96089385474866,"_lineIndex":3,"_lineLayer":0,"_type":1,"_cutDirection":8},{"_time":134.07821229050285,"_lineIndex":0,"_lineLayer":0,"_type":0,"_cutDirection":8},{"_time":134.63687150837993,"_lineIndex":1,"_lineLayer":0,"_type":0,"_cutDirection":8},{"_time":135.19553072625703,"_lineIndex":2,"_lineLayer":0,"_type":1,"_cutDirection":8},{"_time":135.7541899441341,"_lineIndex":1,"_lineLayer":0,"_type":0,"_cutDirection":8},{"_time":136.31284916201122,"_lineIndex":0,"_lineLayer":0,"_type":0,"_cutDirection":8},{"_time":136.8715083798883,"_lineIndex":2,"_lineLayer":0,"_type":1,"_cutDirection":8},{"_time":137.43016759776538,"_lineIndex":0,"_lineLayer":0,"_type":0,"_cutDirection":8},{"_time":138.54748603351953,"_lineIndex":1,"_lineLayer":0,"_type":0,"_cutDirection":8},{"_time":138.54748603351953,"_lineIndex":2,"_lineLayer":0,"_type":1,"_cutDirection":8},{"_time":140.22346368715083,"_lineIndex":3,"_lineLayer":0,"_type":1,"_cutDirection":8},{"_time":140.7821229050279,"_lineIndex":2,"_lineLayer":0,"_type":1,"_cutDirection":8},{"_time":141.34078212290498,"_lineIndex":3,"_lineLayer":0,"_type":1,"_cutDirection":8},{"_time":142.45810055865917,"_lineIndex":0,"_lineLayer":0,"_type":0,"_cutDirection":8},{"_time":143.01675977653625,"_lineIndex":3,"_lineLayer":0,"_type":1,"_cutDirection":8},{"_time":143.57541899441333,"_lineIndex":2,"_lineLayer":0,"_type":1,"_cutDirection":8},{"_time":144.1340782122904,"_lineIndex":0,"_lineLayer":0,"_type":0,"_cutDirection":8},{"_time":144.69273743016754,"_lineIndex":2,"_lineLayer":0,"_type":1,"_cutDirection":8},{"_time":145.25139664804462,"_lineIndex":3,"_lineLayer":0,"_type":1,"_cutDirection":8},{"_time":145.8100558659217,"_lineIndex":1,"_lineLayer":0,"_type":0,"_cutDirection":8},{"_time":146.36871508379878,"_lineIndex":0,"_lineLayer":0,"_type":0,"_cutDirection":8},{"_time":146.92737430167588,"_lineIndex":1,"_lineLayer":0,"_type":0,"_cutDirection":8},{"_time":147.48603351955296,"_lineIndex":2,"_lineLayer":0,"_type":1,"_cutDirection":8},{"_time":149.16201117318423,"_lineIndex":0,"_lineLayer":0,"_type":0,"_cutDirection":8},{"_time":149.44134078212275,"_lineIndex":2,"_lineLayer":0,"_type":1,"_cutDirection":8},{"_time":149.72067039106133,"_lineIndex":0,"_lineLayer":0,"_type":0,"_cutDirection":8},{"_time":151.95530726256965,"_lineIndex":0,"_lineLayer":0,"_type":0,"_cutDirection":8},{"_time":152.7932960893853,"_lineIndex":3,"_lineLayer":0,"_type":1,"_cutDirection":8},{"_time":153.63128491620094,"_lineIndex":1,"_lineLayer":0,"_type":0,"_cutDirection":8},{"_time":154.18994413407802,"_lineIndex":3,"_lineLayer":0,"_type":1,"_cutDirection":8},{"_time":154.7486033519551,"_lineIndex":0,"_lineLayer":0,"_type":0,"_cutDirection":8},{"_time":156.42458100558636,"_lineIndex":0,"_lineLayer":0,"_type":0,"_cutDirection":8},{"_time":156.42458100558636,"_lineIndex":1,"_lineLayer":0,"_type":0,"_cutDirection":8},{"_time":158.10055865921765,"_lineIndex":1,"_lineLayer":0,"_type":0,"_cutDirection":8},{"_time":158.65921787709473,"_lineIndex":2,"_lineLayer":0,"_type":1,"_cutDirection":8},{"_time":159.2178770949718,"_lineIndex":1,"_lineLayer":0,"_type":0,"_cutDirection":8},{"_time":160.335195530726,"_lineIndex":3,"_lineLayer":0,"_type":1,"_cutDirection":8},{"_time":160.89385474860308,"_lineIndex":0,"_lineLayer":0,"_type":0,"_cutDirection":8},{"_time":161.45251396648015,"_lineIndex":2,"_lineLayer":0,"_type":1,"_cutDirection":8},{"_time":162.01117318435723,"_lineIndex":1,"_lineLayer":0,"_type":0,"_cutDirection":8},{"_time":162.56983240223434,"_lineIndex":3,"_lineLayer":0,"_type":1,"_cutDirection":8},{"_time":163.12849162011145,"_lineIndex":1,"_lineLayer":0,"_type":0,"_cutDirection":8},{"_time":163.68715083798853,"_lineIndex":3,"_lineLayer":0,"_type":1,"_cutDirection":8},{"_time":164.2458100558656,"_lineIndex":0,"_lineLayer":0,"_type":0,"_cutDirection":8},{"_time":164.80446927374268,"_lineIndex":1,"_lineLayer":0,"_type":0,"_cutDirection":8},{"_time":165.36312849161976,"_lineIndex":2,"_lineLayer":0,"_type":1,"_cutDirection":8},{"_time":167.03910614525105,"_lineIndex":2,"_lineLayer":0,"_type":1,"_cutDirection":8},{"_time":167.31843575418958,"_lineIndex":1,"_lineLayer":0,"_type":0,"_cutDirection":8},{"_time":167.59776536312813,"_lineIndex":2,"_lineLayer":0,"_type":1,"_cutDirection":8},{"_time":168.71508379888232,"_lineIndex":2,"_lineLayer":0,"_type":1,"_cutDirection":8},{"_time":169.83240223463648,"_lineIndex":3,"_lineLayer":0,"_type":1,"_cutDirection":8},{"_time":170.39106145251355,"_lineIndex":2,"_lineLayer":0,"_type":1,"_cutDirection":8},{"_time":170.94972067039063,"_lineIndex":1,"_lineLayer":0,"_type":0,"_cutDirection":8},{"_time":171.50837988826777,"_lineIndex":2,"_lineLayer":0,"_type":1,"_cutDirection":8},{"_time":172.06703910614485,"_lineIndex":3,"_lineLayer":0,"_type":1,"_cutDirection":8},{"_time":172.62569832402193,"_lineIndex":1,"_lineLayer":0,"_type":0,"_cutDirection":8},{"_time":173.184357541899,"_lineIndex":0,"_lineLayer":0,"_type":0,"_cutDirection":8},{"_time":174.3016759776532,"_lineIndex":0,"_lineLayer":0,"_type":0,"_cutDirection":8},{"_time":174.3016759776532,"_lineIndex":3,"_lineLayer":0,"_type":1,"_cutDirection":8},{"_time":175.97765363128445,"_lineIndex":2,"_lineLayer":0,"_type":1,"_cutDirection":8},{"_time":176.53631284916156,"_lineIndex":1,"_lineLayer":0,"_type":0,"_cutDirection":8},{"_time":177.09497206703864,"_lineIndex":2,"_lineLayer":0,"_type":1,"_cutDirection":8},{"_time":178.2122905027928,"_lineIndex":3,"_lineLayer":0,"_type":1,"_cutDirection":8},{"_time":178.77094972066988,"_lineIndex":0,"_lineLayer":0,"_type":0,"_cutDirection":8},{"_time":179.32960893854698,"_lineIndex":2,"_lineLayer":0,"_type":1,"_cutDirection":8},{"_time":179.88826815642406,"_lineIndex":3,"_lineLayer":0,"_type":1,"_cutDirection":8},{"_time":180.44692737430117,"_lineIndex":2,"_lineLayer":0,"_type":1,"_cutDirection":8},{"_time":181.00558659217825,"_lineIndex":0,"_lineLayer":0,"_type":0,"_cutDirection":8},{"_time":181.56424581005533,"_lineIndex":3,"_lineLayer":0,"_type":1,"_cutDirection":8},{"_time":182.12290502793243,"_lineIndex":0,"_lineLayer":0,"_type":0,"_cutDirection":8},{"_time":182.6815642458095,"_lineIndex":1,"_lineLayer":0,"_type":0,"_cutDirection":8},{"_time":183.2402234636866,"_lineIndex":2,"_lineLayer":0,"_type":1,"_cutDirection":8},{"_time":184.91620111731788,"_lineIndex":2,"_lineLayer":0,"_type":1,"_cutDirection":8},{"_time":185.1955307262564,"_lineIndex":1,"_lineLayer":0,"_type":0,"_cutDirection":8},{"_time":185.47486033519496,"_lineIndex":2,"_lineLayer":0,"_type":1,"_cutDirection":8},{"_time":186.59217877094912,"_lineIndex":1,"_lineLayer":0,"_type":0,"_cutDirection":8},{"_time":187.7094972067033,"_lineIndex":2,"_lineLayer":0,"_type":1,"_cutDirection":8},{"_time":187.7094972067033,"_lineIndex":3,"_lineLayer":0,"_type":1,"_cutDirection":8},{"_time":188.45437616387272,"_lineIndex":0,"_lineLayer":0,"_type":0,"_cutDirection":8},{"_time":188.45437616387272,"_lineIndex":1,"_lineLayer":0,"_type":0,"_cutDirection":8},{"_time":189.1992551210421,"_lineIndex":1,"_lineLayer":0,"_type":0,"_cutDirection":8},{"_time":189.1992551210421,"_lineIndex":2,"_lineLayer":0,"_type":1,"_cutDirection":8},{"_time":189.94413407821156,"_lineIndex":0,"_lineLayer":0,"_type":0,"_cutDirection":8},{"_time":189.94413407821156,"_lineIndex":3,"_lineLayer":0,"_type":1,"_cutDirection":8},{"_time":191.0614525139657,"_lineIndex":3,"_lineLayer":0,"_type":1,"_cutDirection":8},{"_time":191.62011173184277,"_lineIndex":2,"_lineLayer":0,"_type":1,"_cutDirection":8},{"_time":192.17877094971982,"_lineIndex":3,"_lineLayer":0,"_type":1,"_cutDirection":8},{"_time":193.29608938547398,"_lineIndex":0,"_lineLayer":0,"_type":0,"_cutDirection":8},{"_time":194.4134078212282,"_lineIndex":1,"_lineLayer":0,"_type":0,"_cutDirection":8},{"_time":194.97206703910527,"_lineIndex":2,"_lineLayer":0,"_type":1,"_cutDirection":8},{"_time":196.08938547485943,"_lineIndex":3,"_lineLayer":0,"_type":1,"_cutDirection":8},{"_time":197.2067039106136,"_lineIndex":2,"_lineLayer":0,"_type":1,"_cutDirection":8},{"_time":198.32402234636777,"_lineIndex":1,"_lineLayer":0,"_type":0,"_cutDirection":8},{"_time":199.44134078212198,"_lineIndex":0,"_lineLayer":0,"_type":0,"_cutDirection":8},{"_time":201.11731843575322,"_lineIndex":3,"_lineLayer":0,"_type":1,"_cutDirection":8},{"_time":201.67597765363033,"_lineIndex":1,"_lineLayer":0,"_type":0,"_cutDirection":8},{"_time":202.2346368715074,"_lineIndex":3,"_lineLayer":0,"_type":1,"_cutDirection":8},{"_time":203.3519553072616,"_lineIndex":1,"_lineLayer":0,"_type":0,"_cutDirection":8},{"_time":203.91061452513867,"_lineIndex":0,"_lineLayer":0,"_type":0,"_cutDirection":8},{"_time":204.46927374301578,"_lineIndex":1,"_lineLayer":0,"_type":0,"_cutDirection":8},{"_time":205.02793296089285,"_lineIndex":2,"_lineLayer":0,"_type":1,"_cutDirection":8},{"_time":206.145251396647,"_lineIndex":2,"_lineLayer":0,"_type":1,"_cutDirection":8},{"_time":207.2625698324012,"_lineIndex":1,"_lineLayer":0,"_type":0,"_cutDirection":8},{"_time":208.93854748603246,"_lineIndex":0,"_lineLayer":0,"_type":0,"_cutDirection":8},{"_time":209.49720670390954,"_lineIndex":3,"_lineLayer":0,"_type":1,"_cutDirection":8},{"_time":210.05586592178665,"_lineIndex":0,"_lineLayer":0,"_type":0,"_cutDirection":8},{"_time":210.61452513966373,"_lineIndex":1,"_lineLayer":0,"_type":0,"_cutDirection":8},{"_time":211.1731843575408,"_lineIndex":0,"_lineLayer":0,"_type":0,"_cutDirection":8},{"_time":212.29050279329502,"_lineIndex":2,"_lineLayer":0,"_type":1,"_cutDirection":8},{"_time":212.8491620111721,"_lineIndex":1,"_lineLayer":0,"_type":0,"_cutDirection":8},{"_time":213.96648044692625,"_lineIndex":0,"_lineLayer":0,"_type":0,"_cutDirection":8},{"_time":215.08379888268044,"_lineIndex":1,"_lineLayer":0,"_type":0,"_cutDirection":8},{"_time":216.2011173184346,"_lineIndex":3,"_lineLayer":0,"_type":1,"_cutDirection":8},{"_time":217.31843575418878,"_lineIndex":2,"_lineLayer":0,"_type":1,"_cutDirection":8},{"_time":218.99441340782005,"_lineIndex":0,"_lineLayer":0,"_type":0,"_cutDirection":8},{"_time":220.1117318435742,"_lineIndex":0,"_lineLayer":0,"_type":0,"_cutDirection":8},{"_time":220.1117318435742,"_lineIndex":2,"_lineLayer":0,"_type":1,"_cutDirection":8},{"_time":221.22905027932842,"_lineIndex":2,"_lineLayer":0,"_type":1,"_cutDirection":8},{"_time":221.22905027932842,"_lineIndex":3,"_lineLayer":0,"_type":1,"_cutDirection":8},{"_time":222.34636871508258,"_lineIndex":0,"_lineLayer":0,"_type":0,"_cutDirection":8},{"_time":222.34636871508258,"_lineIndex":1,"_lineLayer":0,"_type":0,"_cutDirection":8},{"_time":223.46368715083676,"_lineIndex":1,"_lineLayer":0,"_type":0,"_cutDirection":8},{"_time":223.46368715083676,"_lineIndex":3,"_lineLayer":0,"_type":1,"_cutDirection":8},{"_time":224.58100558659092,"_lineIndex":0,"_lineLayer":0,"_type":0,"_cutDirection":8},{"_time":224.58100558659092,"_lineIndex":3,"_lineLayer":0,"_type":1,"_cutDirection":8},{"_time":225.69832402234508,"_lineIndex":0,"_lineLayer":0,"_type":0,"_cutDirection":8},{"_time":226.2569832402222,"_lineIndex":1,"_lineLayer":0,"_type":0,"_cutDirection":8},{"_time":226.8156424580993,"_lineIndex":0,"_lineLayer":0,"_type":0,"_cutDirection":8},{"_time":227.93296089385345,"_lineIndex":3,"_lineLayer":0,"_type":1,"_cutDirection":8},{"_time":229.05027932960763,"_lineIndex":0,"_lineLayer":0,"_type":0,"_cutDirection":8},{"_time":230.16759776536182,"_lineIndex":2,"_lineLayer":0,"_type":1,"_cutDirection":8},{"_time":230.7262569832389,"_lineIndex":1,"_lineLayer":0,"_type":0,"_cutDirection":8},{"_time":231.284916201116,"_lineIndex":3,"_lineLayer":0,"_type":1,"_cutDirection":8},{"_time":231.84357541899308,"_lineIndex":1,"_lineLayer":0,"_type":0,"_cutDirection":8},{"_time":232.96089385474724,"_lineIndex":1,"_lineLayer":0,"_type":0,"_cutDirection":8},{"_time":233.51955307262432,"_lineIndex":3,"_lineLayer":0,"_type":1,"_cutDirection":8},{"_time":234.07821229050143,"_lineIndex":2,"_lineLayer":0,"_type":1,"_cutDirection":8},{"_time":234.6368715083785,"_lineIndex":3,"_lineLayer":0,"_type":1,"_cutDirection":8},{"_time":235.1955307262556,"_lineIndex":0,"_lineLayer":0,"_type":0,"_cutDirection":8},{"_time":235.7541899441327,"_lineIndex":1,"_lineLayer":0,"_type":0,"_cutDirection":8},{"_time":236.87150837988688,"_lineIndex":3,"_lineLayer":0,"_type":1,"_cutDirection":8},{"_time":237.43016759776395,"_lineIndex":0,"_lineLayer":0,"_type":0,"_cutDirection":8},{"_time":237.98882681564103,"_lineIndex":1,"_lineLayer":0,"_type":0,"_cutDirection":8},{"_time":238.5474860335181,"_lineIndex":2,"_lineLayer":0,"_type":1,"_cutDirection":8},{"_time":239.10614525139525,"_lineIndex":3,"_lineLayer":0,"_type":1,"_cutDirection":8},{"_time":240.2234636871494,"_lineIndex":2,"_lineLayer":0,"_type":1,"_cutDirection":8},{"_time":240.78212290502648,"_lineIndex":0,"_lineLayer":0,"_type":0,"_cutDirection":8},{"_time":241.89944134078067,"_lineIndex":1,"_lineLayer":0,"_type":0,"_cutDirection":8},{"_time":241.89944134078067,"_lineIndex":2,"_lineLayer":0,"_type":1,"_cutDirection":8},{"_time":243.01675977653483,"_lineIndex":2,"_lineLayer":0,"_type":1,"_cutDirection":8},{"_time":243.01675977653483,"_lineIndex":3,"_lineLayer":0,"_type":1,"_cutDirection":8},{"_time":244.69273743016612,"_lineIndex":0,"_lineLayer":0,"_type":0,"_cutDirection":8},{"_time":245.2513966480432,"_lineIndex":2,"_lineLayer":0,"_type":1,"_cutDirection":8},{"_time":245.81005586592028,"_lineIndex":0,"_lineLayer":0,"_type":0,"_cutDirection":8},{"_time":246.92737430167443,"_lineIndex":0,"_lineLayer":0,"_type":0,"_cutDirection":8},{"_time":247.48603351955154,"_lineIndex":1,"_lineLayer":0,"_type":0,"_cutDirection":8},{"_time":248.60335195530573,"_lineIndex":1,"_lineLayer":0,"_type":0,"_cutDirection":8},{"_time":249.1620111731828,"_lineIndex":0,"_lineLayer":0,"_type":0,"_cutDirection":8},{"_time":249.72067039105988,"_lineIndex":2,"_lineLayer":0,"_type":1,"_cutDirection":8},{"_time":250.279329608937,"_lineIndex":1,"_lineLayer":0,"_type":0,"_cutDirection":8},{"_time":251.39664804469115,"_lineIndex":1,"_lineLayer":0,"_type":0,"_cutDirection":8},{"_time":251.95530726256823,"_lineIndex":3,"_lineLayer":0,"_type":1,"_cutDirection":8},{"_time":253.07262569832244,"_lineIndex":3,"_lineLayer":0,"_type":1,"_cutDirection":8},{"_time":253.63128491619952,"_lineIndex":2,"_lineLayer":0,"_type":1,"_cutDirection":8},{"_time":254.1899441340766,"_lineIndex":3,"_lineLayer":0,"_type":1,"_cutDirection":8},{"_time":254.74860335195368,"_lineIndex":0,"_lineLayer":0,"_type":0,"_cutDirection":8},{"_time":255.86592178770786,"_lineIndex":0,"_lineLayer":0,"_type":0,"_cutDirection":8},{"_time":255.86592178770786,"_lineIndex":1,"_lineLayer":0,"_type":0,"_cutDirection":8},{"_time":256.9832402234621,"_lineIndex":1,"_lineLayer":0,"_type":0,"_cutDirection":8},{"_time":256.9832402234621,"_lineIndex":3,"_lineLayer":0,"_type":1,"_cutDirection":8},{"_time":258.10055865921623,"_lineIndex":0,"_lineLayer":0,"_type":0,"_cutDirection":8},{"_time":258.10055865921623,"_lineIndex":2,"_lineLayer":0,"_type":1,"_cutDirection":8},{"_time":259.2178770949704,"_lineIndex":3,"_lineLayer":0,"_type":1,"_cutDirection":8},{"_time":259.7765363128475,"_lineIndex":2,"_lineLayer":0,"_type":1,"_cutDirection":8},{"_time":260.33519553072455,"_lineIndex":1,"_lineLayer":0,"_type":0,"_cutDirection":8},{"_time":260.89385474860165,"_lineIndex":0,"_lineLayer":0,"_type":0,"_cutDirection":8},{"_time":261.4525139664787,"_lineIndex":3,"_lineLayer":0,"_type":1,"_cutDirection":8},{"_time":262.01117318435587,"_lineIndex":2,"_lineLayer":0,"_type":1,"_cutDirection":8},{"_time":262.5698324022329,"_lineIndex":3,"_lineLayer":0,"_type":1,"_cutDirection":8},{"_time":263.6871508379871,"_lineIndex":3,"_lineLayer":0,"_type":1,"_cutDirection":8},{"_time":264.8044692737413,"_lineIndex":3,"_lineLayer":0,"_type":1,"_cutDirection":8},{"_time":265.36312849161834,"_lineIndex":2,"_lineLayer":0,"_type":1,"_cutDirection":8},{"_time":266.48044692737255,"_lineIndex":1,"_lineLayer":0,"_type":0,"_cutDirection":8},{"_time":267.0391061452496,"_lineIndex":0,"_lineLayer":0,"_type":0,"_cutDirection":8},{"_time":267.5977653631267,"_lineIndex":2,"_lineLayer":0,"_type":1,"_cutDirection":8},{"_time":268.71508379888087,"_lineIndex":1,"_lineLayer":0,"_type":0,"_cutDirection":8},{"_time":269.273743016758,"_lineIndex":3,"_lineLayer":0,"_type":1,"_cutDirection":8},{"_time":269.832402234635,"_lineIndex":2,"_lineLayer":0,"_type":1,"_cutDirection":8},{"_time":270.39106145251213,"_lineIndex":3,"_lineLayer":0,"_type":1,"_cutDirection":8},{"_time":270.94972067038924,"_lineIndex":0,"_lineLayer":0,"_type":0,"_cutDirection":8},{"_time":271.50837988826635,"_lineIndex":2,"_lineLayer":0,"_type":1,"_cutDirection":8},{"_time":272.0670391061434,"_lineIndex":1,"_lineLayer":0,"_type":0,"_cutDirection":8},{"_time":272.6256983240205,"_lineIndex":3,"_lineLayer":0,"_type":1,"_cutDirection":8},{"_time":273.7430167597747,"_lineIndex":2,"_lineLayer":0,"_type":1,"_cutDirection":8},{"_time":274.0223463687132,"_lineIndex":1,"_lineLayer":0,"_type":0,"_cutDirection":8},{"_time":274.30167597765177,"_lineIndex":2,"_lineLayer":0,"_type":1,"_cutDirection":8},{"_time":274.8603351955289,"_lineIndex":3,"_lineLayer":0,"_type":1,"_cutDirection":8},{"_time":275.4189944134059,"_lineIndex":2,"_lineLayer":0,"_type":1,"_cutDirection":8},{"_time":276.5363128491601,"_lineIndex":1,"_lineLayer":0,"_type":0,"_cutDirection":8},{"_time":277.6536312849143,"_lineIndex":0,"_lineLayer":0,"_type":0,"_cutDirection":8},{"_time":278.2122905027915,"_lineIndex":2,"_lineLayer":0,"_type":1,"_cutDirection":8},{"_time":278.7709497206686,"_lineIndex":0,"_lineLayer":0,"_type":0,"_cutDirection":8},{"_time":279.32960893854573,"_lineIndex":3,"_lineLayer":0,"_type":1,"_cutDirection":8},{"_time":280.0744878957152,"_lineIndex":2,"_lineLayer":0,"_type":1,"_cutDirection":8},{"_time":280.8193668528848,"_lineIndex":1,"_lineLayer":0,"_type":0,"_cutDirection":8},{"_time":281.56424581005433,"_lineIndex":0,"_lineLayer":0,"_type":0,"_cutDirection":8},{"_time":282.6815642458085,"_lineIndex":0,"_lineLayer":0,"_type":0,"_cutDirection":8},{"_time":283.24022346368554,"_lineIndex":2,"_lineLayer":0,"_type":1,"_cutDirection":8},{"_time":284.35754189943975,"_lineIndex":1,"_lineLayer":0,"_type":0,"_cutDirection":8},{"_time":284.9162011173168,"_lineIndex":3,"_lineLayer":0,"_type":1,"_cutDirection":8},{"_time":285.4748603351939,"_lineIndex":2,"_lineLayer":0,"_type":1,"_cutDirection":8},{"_time":286.5921787709481,"_lineIndex":1,"_lineLayer":0,"_type":0,"_cutDirection":8},{"_time":287.1508379888252,"_lineIndex":0,"_lineLayer":0,"_type":0,"_cutDirection":8},{"_time":287.7094972067023,"_lineIndex":2,"_lineLayer":0,"_type":1,"_cutDirection":8},{"_time":288.2681564245794,"_lineIndex":1,"_lineLayer":0,"_type":0,"_cutDirection":8},{"_time":288.82681564245644,"_lineIndex":3,"_lineLayer":0,"_type":1,"_cutDirection":8},{"_time":289.38547486033355,"_lineIndex":2,"_lineLayer":0,"_type":1,"_cutDirection":8},{"_time":289.9441340782106,"_lineIndex":1,"_lineLayer":0,"_type":0,"_cutDirection":8},{"_time":290.5027932960877,"_lineIndex":0,"_lineLayer":0,"_type":0,"_cutDirection":8},{"_time":290.7821229050262,"_lineIndex":1,"_lineLayer":0,"_type":0,"_cutDirection":8},{"_time":291.0614525139647,"_lineIndex":0,"_lineLayer":0,"_type":0,"_cutDirection":8},{"_time":291.6201117318417,"_lineIndex":1,"_lineLayer":0,"_type":0,"_cutDirection":8},{"_time":292.1787709497187,"_lineIndex":2,"_lineLayer":0,"_type":1,"_cutDirection":8},{"_time":292.7374301675957,"_lineIndex":1,"_lineLayer":0,"_type":0,"_cutDirection":8},{"_time":293.48230912476504,"_lineIndex":2,"_lineLayer":0,"_type":1,"_cutDirection":8},{"_time":294.22718808193434,"_lineIndex":3,"_lineLayer":0,"_type":1,"_cutDirection":8},{"_time":294.97206703910365,"_lineIndex":1,"_lineLayer":0,"_type":0,"_cutDirection":8},{"_time":296.0893854748578,"_lineIndex":0,"_lineLayer":0,"_type":0,"_cutDirection":8},{"_time":296.0893854748578,"_lineIndex":3,"_lineLayer":0,"_type":1,"_cutDirection":8},{"_time":296.6480446927349,"_lineIndex":0,"_lineLayer":0,"_type":0,"_cutDirection":8},{"_time":297.7653631284891,"_lineIndex":3,"_lineLayer":0,"_type":1,"_cutDirection":8},{"_time":298.3240223463662,"_lineIndex":1,"_lineLayer":0,"_type":0,"_cutDirection":8},{"_time":298.8826815642433,"_lineIndex":3,"_lineLayer":0,"_type":1,"_cutDirection":8},{"_time":299.44134078212034,"_lineIndex":0,"_lineLayer":0,"_type":0,"_cutDirection":8},{"_time":301.67597765362865,"_lineIndex":2,"_lineLayer":0,"_type":1,"_cutDirection":8},{"_time":302.2346368715058,"_lineIndex":3,"_lineLayer":0,"_type":1,"_cutDirection":8},{"_time":302.7932960893829,"_lineIndex":2,"_lineLayer":0,"_type":1,"_cutDirection":8},{"_time":303.35195530725997,"_lineIndex":1,"_lineLayer":0,"_type":0,"_cutDirection":8},{"_time":304.4692737430141,"_lineIndex":2,"_lineLayer":0,"_type":1,"_cutDirection":8},{"_time":305.02793296089123,"_lineIndex":0,"_lineLayer":0,"_type":0,"_cutDirection":8},{"_time":305.5865921787683,"_lineIndex":2,"_lineLayer":0,"_type":1,"_cutDirection":8},{"_time":306.1452513966454,"_lineIndex":0,"_lineLayer":0,"_type":0,"_cutDirection":8},{"_time":306.7039106145225,"_lineIndex":3,"_lineLayer":0,"_type":1,"_cutDirection":8},{"_time":307.2625698323996,"_lineIndex":2,"_lineLayer":0,"_type":1,"_cutDirection":8},{"_time":308.37988826815376,"_lineIndex":1,"_lineLayer":0,"_type":0,"_cutDirection":8},{"_time":308.37988826815376,"_lineIndex":2,"_lineLayer":0,"_type":1,"_cutDirection":8},{"_time":309.4972067039079,"_lineIndex":1,"_lineLayer":0,"_type":0,"_cutDirection":8},{"_time":310.055865921785,"_lineIndex":2,"_lineLayer":0,"_type":1,"_cutDirection":8},{"_time":310.61452513966213,"_lineIndex":3,"_lineLayer":0,"_type":1,"_cutDirection":8},{"_time":311.1731843575392,"_lineIndex":1,"_lineLayer":0,"_type":0,"_cutDirection":8},{"_time":311.7318435754163,"_lineIndex":2,"_lineLayer":0,"_type":1,"_cutDirection":8},{"_time":312.29050279329334,"_lineIndex":0,"_lineLayer":0,"_type":0,"_cutDirection":8},{"_time":313.4078212290475,"_lineIndex":0,"_lineLayer":0,"_type":0,"_cutDirection":8},{"_time":313.687150837986,"_lineIndex":2,"_lineLayer":0,"_type":1,"_cutDirection":8},{"_time":313.9664804469245,"_lineIndex":0,"_lineLayer":0,"_type":0,"_cutDirection":8},{"_time":314.5251396648015,"_lineIndex":1,"_lineLayer":0,"_type":0,"_cutDirection":8},{"_time":315.0837988826785,"_lineIndex":0,"_lineLayer":0,"_type":0,"_cutDirection":8},{"_time":315.8286778398478,"_lineIndex":2,"_lineLayer":0,"_type":1,"_cutDirection":8},{"_time":316.5735567970171,"_lineIndex":1,"_lineLayer":0,"_type":0,"_cutDirection":8},{"_time":317.31843575418645,"_lineIndex":3,"_lineLayer":0,"_type":1,"_cutDirection":8},{"_time":318.4357541899406,"_lineIndex":0,"_lineLayer":0,"_type":0,"_cutDirection":8},{"_time":318.99441340781766,"_lineIndex":2,"_lineLayer":0,"_type":1,"_cutDirection":8},{"_time":320.1117318435719,"_lineIndex":1,"_lineLayer":0,"_type":0,"_cutDirection":8},{"_time":320.6703910614489,"_lineIndex":2,"_lineLayer":0,"_type":1,"_cutDirection":8},{"_time":321.22905027932603,"_lineIndex":1,"_lineLayer":0,"_type":0,"_cutDirection":8},{"_time":322.34636871508025,"_lineIndex":3,"_lineLayer":0,"_type":1,"_cutDirection":8},{"_time":322.9050279329573,"_lineIndex":0,"_lineLayer":0,"_type":0,"_cutDirection":8},{"_time":323.4636871508344,"_lineIndex":2,"_lineLayer":0,"_type":1,"_cutDirection":8},{"_time":324.02234636871145,"_lineIndex":0,"_lineLayer":0,"_type":0,"_cutDirection":8},{"_time":324.58100558658856,"_lineIndex":3,"_lineLayer":0,"_type":1,"_cutDirection":8},{"_time":325.13966480446567,"_lineIndex":2,"_lineLayer":0,"_type":1,"_cutDirection":8},{"_time":325.6983240223427,"_lineIndex":3,"_lineLayer":0,"_type":1,"_cutDirection":8},{"_time":326.2569832402198,"_lineIndex":0,"_lineLayer":0,"_type":0,"_cutDirection":8},{"_time":326.8156424580969,"_lineIndex":1,"_lineLayer":0,"_type":0,"_cutDirection":8},{"_time":327.374301675974,"_lineIndex":2,"_lineLayer":0,"_type":1,"_cutDirection":8},{"_time":327.9329608938511,"_lineIndex":3,"_lineLayer":0,"_type":1,"_cutDirection":8},{"_time":328.4916201117282,"_lineIndex":1,"_lineLayer":0,"_type":0,"_cutDirection":8},{"_time":329.0502793296053,"_lineIndex":3,"_lineLayer":0,"_type":1,"_cutDirection":8},{"_time":329.60893854748235,"_lineIndex":2,"_lineLayer":0,"_type":1,"_cutDirection":8},{"_time":330.16759776535946,"_lineIndex":1,"_lineLayer":0,"_type":0,"_cutDirection":8},{"_time":330.7262569832365,"_lineIndex":0,"_lineLayer":0,"_type":0,"_cutDirection":8},{"_time":331.56424581005217,"_lineIndex":3,"_lineLayer":0,"_type":1,"_cutDirection":8},{"_time":332.4022346368678,"_lineIndex":0,"_lineLayer":0,"_type":0,"_cutDirection":8},{"_time":332.96089385474494,"_lineIndex":0,"_lineLayer":0,"_type":0,"_cutDirection":8},{"_time":332.96089385474494,"_lineIndex":3,"_lineLayer":0,"_type":1,"_cutDirection":8},{"_time":335.19553072625325,"_lineIndex":0,"_lineLayer":0,"_type":0,"_cutDirection":8},{"_time":336.3128491620074,"_lineIndex":1,"_lineLayer":0,"_type":0,"_cutDirection":8},{"_time":336.87150837988446,"_lineIndex":0,"_lineLayer":0,"_type":0,"_cutDirection":8},{"_time":337.43016759776157,"_lineIndex":2,"_lineLayer":0,"_type":1,"_cutDirection":8},{"_time":337.9888268156387,"_lineIndex":1,"_lineLayer":0,"_type":0,"_cutDirection":8},{"_time":338.5474860335158,"_lineIndex":3,"_lineLayer":0,"_type":1,"_cutDirection":8},{"_time":339.1061452513929,"_lineIndex":1,"_lineLayer":0,"_type":0,"_cutDirection":8},{"_time":339.66480446926994,"_lineIndex":2,"_lineLayer":0,"_type":1,"_cutDirection":8},{"_time":340.22346368714705,"_lineIndex":1,"_lineLayer":0,"_type":0,"_cutDirection":8},{"_time":340.7821229050241,"_lineIndex":3,"_lineLayer":0,"_type":1,"_cutDirection":8},{"_time":341.3407821229012,"_lineIndex":2,"_lineLayer":0,"_type":1,"_cutDirection":8},{"_time":341.89944134077825,"_lineIndex":0,"_lineLayer":0,"_type":0,"_cutDirection":8},{"_time":342.45810055865536,"_lineIndex":2,"_lineLayer":0,"_type":1,"_cutDirection":8},{"_time":343.01675977653247,"_lineIndex":3,"_lineLayer":0,"_type":1,"_cutDirection":8},{"_time":343.5754189944095,"_lineIndex":0,"_lineLayer":0,"_type":0,"_cutDirection":8},{"_time":344.1340782122867,"_lineIndex":3,"_lineLayer":0,"_type":1,"_cutDirection":8},{"_time":345.25139664804084,"_lineIndex":1,"_lineLayer":0,"_type":0,"_cutDirection":8},{"_time":345.8100558659179,"_lineIndex":3,"_lineLayer":0,"_type":1,"_cutDirection":8},{"_time":346.368715083795,"_lineIndex":1,"_lineLayer":0,"_type":0,"_cutDirection":8},{"_time":347.48603351954915,"_lineIndex":1,"_lineLayer":0,"_type":0,"_cutDirection":8},{"_time":347.48603351954915,"_lineIndex":2,"_lineLayer":0,"_type":1,"_cutDirection":8},{"_time":348.6033519553033,"_lineIndex":0,"_lineLayer":0,"_type":0,"_cutDirection":8},{"_time":349.7206703910575,"_lineIndex":3,"_lineLayer":0,"_type":1,"_cutDirection":8},{"_time":349.9999999999961,"_lineIndex":2,"_lineLayer":0,"_type":1,"_cutDirection":8},{"_time":350.27932960893463,"_lineIndex":3,"_lineLayer":0,"_type":1,"_cutDirection":8},{"_time":350.83798882681174,"_lineIndex":2,"_lineLayer":0,"_type":1,"_cutDirection":8},{"_time":351.3966480446888,"_lineIndex":3,"_lineLayer":0,"_type":1,"_cutDirection":8},{"_time":351.9553072625659,"_lineIndex":0,"_lineLayer":0,"_type":0,"_cutDirection":8},{"_time":352.51396648044295,"_lineIndex":1,"_lineLayer":0,"_type":0,"_cutDirection":8},{"_time":353.07262569832005,"_lineIndex":0,"_lineLayer":0,"_type":0,"_cutDirection":8},{"_time":354.1899441340742,"_lineIndex":0,"_lineLayer":0,"_type":0,"_cutDirection":8},{"_time":354.7486033519513,"_lineIndex":3,"_lineLayer":0,"_type":1,"_cutDirection":8},{"_time":355.3072625698284,"_lineIndex":2,"_lineLayer":0,"_type":1,"_cutDirection":8},{"_time":355.86592178770553,"_lineIndex":3,"_lineLayer":0,"_type":1,"_cutDirection":8},{"_time":356.4245810055826,"_lineIndex":1,"_lineLayer":0,"_type":0,"_cutDirection":8},{"_time":356.9832402234597,"_lineIndex":3,"_lineLayer":0,"_type":1,"_cutDirection":8},{"_time":357.54189944133674,"_lineIndex":0,"_lineLayer":0,"_type":0,"_cutDirection":8},{"_time":358.10055865921385,"_lineIndex":2,"_lineLayer":0,"_type":1,"_cutDirection":8},{"_time":358.6592178770909,"_lineIndex":1,"_lineLayer":0,"_type":0,"_cutDirection":8},{"_time":359.217877094968,"_lineIndex":3,"_lineLayer":0,"_type":1,"_cutDirection":8},{"_time":359.77653631284505,"_lineIndex":2,"_lineLayer":0,"_type":1,"_cutDirection":8},{"_time":360.3351955307222,"_lineIndex":1,"_lineLayer":0,"_type":0,"_cutDirection":8},{"_time":360.8938547485993,"_lineIndex":0,"_lineLayer":0,"_type":0,"_cutDirection":8},{"_time":361.4525139664764,"_lineIndex":1,"_lineLayer":0,"_type":0,"_cutDirection":8},{"_time":361.7318435754149,"_lineIndex":2,"_lineLayer":0,"_type":1,"_cutDirection":8},{"_time":362.0111731843535,"_lineIndex":1,"_lineLayer":0,"_type":0,"_cutDirection":8},{"_time":363.12849162010764,"_lineIndex":0,"_lineLayer":0,"_type":0,"_cutDirection":8},{"_time":363.6871508379847,"_lineIndex":2,"_lineLayer":0,"_type":1,"_cutDirection":8},{"_time":364.2458100558618,"_lineIndex":1,"_lineLayer":0,"_type":0,"_cutDirection":8},{"_time":364.8044692737389,"_lineIndex":2,"_lineLayer":0,"_type":1,"_cutDirection":8},{"_time":365.363128491616,"_lineIndex":0,"_lineLayer":0,"_type":0,"_cutDirection":8},{"_time":365.9217877094931,"_lineIndex":3,"_lineLayer":0,"_type":1,"_cutDirection":8},{"_time":366.2011173184316,"_lineIndex":2,"_lineLayer":0,"_type":1,"_cutDirection":8},{"_time":366.48044692737017,"_lineIndex":3,"_lineLayer":0,"_type":1,"_cutDirection":8},{"_time":367.0391061452473,"_lineIndex":0,"_lineLayer":0,"_type":0,"_cutDirection":8},{"_time":367.5977653631243,"_lineIndex":2,"_lineLayer":0,"_type":1,"_cutDirection":8},{"_time":368.15642458100143,"_lineIndex":1,"_lineLayer":0,"_type":0,"_cutDirection":8},{"_time":369.2737430167556,"_lineIndex":3,"_lineLayer":0,"_type":1,"_cutDirection":8},{"_time":370.9497206703869,"_lineIndex":3,"_lineLayer":0,"_type":1,"_cutDirection":8},{"_time":371.50837988826396,"_lineIndex":2,"_lineLayer":0,"_type":1,"_cutDirection":8},{"_time":372.06703910614107,"_lineIndex":1,"_lineLayer":0,"_type":0,"_cutDirection":8},{"_time":372.6256983240181,"_lineIndex":0,"_lineLayer":0,"_type":0,"_cutDirection":8},{"_time":373.1843575418952,"_lineIndex":2,"_lineLayer":0,"_type":1,"_cutDirection":8},{"_time":373.74301675977233,"_lineIndex":0,"_lineLayer":0,"_type":0,"_cutDirection":8},{"_time":374.3016759776494,"_lineIndex":1,"_lineLayer":0,"_type":0,"_cutDirection":8},{"_time":374.8603351955265,"_lineIndex":2,"_lineLayer":0,"_type":1,"_cutDirection":8},{"_time":375.41899441340354,"_lineIndex":1,"_lineLayer":0,"_type":0,"_cutDirection":8},{"_time":376.53631284915775,"_lineIndex":0,"_lineLayer":0,"_type":0,"_cutDirection":8},{"_time":376.53631284915775,"_lineIndex":1,"_lineLayer":0,"_type":0,"_cutDirection":8},{"_time":377.09497206703486,"_lineIndex":0,"_lineLayer":0,"_type":0,"_cutDirection":8},{"_time":378.212290502789,"_lineIndex":2,"_lineLayer":0,"_type":1,"_cutDirection":8},{"_time":378.212290502789,"_lineIndex":3,"_lineLayer":0,"_type":1,"_cutDirection":8},{"_time":378.7709497206661,"_lineIndex":3,"_lineLayer":0,"_type":1,"_cutDirection":8},{"_time":379.8882681564203,"_lineIndex":0,"_lineLayer":0,"_type":0,"_cutDirection":8},{"_time":379.8882681564203,"_lineIndex":3,"_lineLayer":0,"_type":1,"_cutDirection":8}],"_obstacles":[]}