{"_version":"1.5.0","_beatsPerMinute":200.0,"_beatsPerBar":32,"_noteJumpSpeed":10.0,"_shuffle":0.0,"_shufflePeriod":0.5,"_events":[],"_notes":[{"_time":30.16759776536313,"_lineIndex":3,"_lineLayer":0,"_type":1,"_cutDirection":8},{"_time":31.28491620111732,"_lineIndex":0,"_lineLayer":0,"_type":0,"_cutDirection":8},{"_time":31.28491620111732,"_lineIndex":3,"_lineLayer":0,"_type":1,"_cutDirection":8},{"_time":33.5195530726257,"_lineIndex":0,"_lineLayer":0,"_type":0,"_cutDirection":8},{"_time":34.07821229050278,"_lineIndex":3,"_lineLayer":0,"_type":1,"_cutDirection":8},{"_time":35.195530726256976,"_lineIndex":1,"_lineLayer":0,"_type":0,"_cutDirection":8},{"_time":36.31284916201116,"_lineIndex":2,"_lineLayer":0,"_type":1,"_cutDirection":8},{"_time":37.430167597765355,"_lineIndex":1,"_lineLayer":0,"_type":0,"_cutDirection":8},{"_time":38.54748603351954,"_lineIndex":3,"_lineLayer":0,"_type":1,"_cutDirection":8},{"_time":40.22346368715082,"_lineIndex":0,"_lineLayer":0,"_type":0,"_cutDirection":8},{"_time":41.899441340782104,"_lineIndex":0,"_lineLayer":0,"_type":0,"_cutDirection":8},{"_time":41.899441340782104,"_lineIndex":3,"_lineLayer":0,"_type":1,"_cutDirection":8},{"_time":43.57541899441339,"_lineIndex":3,"_lineLayer":0,"_type":1,"_cutDirection":8},{"_time":44.692737430167575,"_lineIndex":0,"_lineLayer":0,"_type":0,"_cutDirection":8},{"_time":45.81005586592176,"_lineIndex":1,"_lineLayer":0,"_type":0,"_cutDirection":8},{"_time":46.927374301675954,"_lineIndex":2,"_lineLayer":0,"_type":1,"_cutDirection":8},{"_time":49.162011173184325,"_lineIndex":0,"_lineLayer":0,"_type":0,"_cutDirection":8},{"_time":49.162011173184325,"_lineIndex":3,"_lineLayer":0,"_type":1,"_cutDirection":8},{"_time":51.396648044692704,"_lineIndex":0,"_lineLayer":0,"_type":0,"_cutDirection":8},{"_time":51.9553072625698,"_lineIndex":3,"_lineLayer":0,"_type":1,"_cutDirection":8},{"_time":53.07262569832399,"_lineIndex":0,"_lineLayer":0,"_type":0,"_cutDirection":8},{"_time":54.18994413407818,"_lineIndex":2,"_lineLayer":0,"_type":1,"_cutDirection":8},{"_time":55.30726256983238,"_lineIndex":1,"_lineLayer":0,"_type":0,"_cutDirection":8},{"_time":56.42458100558658,"_lineIndex":3,"_lineLayer":0,"_type":1,"_cutDirection":8},{"_time":58.10055865921788,"_lineIndex":0,"_lineLayer":0,"_type":0,"_cutDirection":8},{"_time":58.10055865921788,"_lineIndex":3,"_lineLayer":0,"_type":1,"_cutDirection":8},{"_time":59.77653631284919,"_lineIndex":0,"_lineLayer":0,"_type":0,"_cutDirection":8},{"_time":61.45251396648049,"_lineIndex":1,"_lineLayer":0,"_type":0,"_cutDirection":8},{"_time":62.01117318435759,"_lineIndex":2,"_lineLayer":0,"_type":1,"_cutDirection":8},{"_time":63.12849162011178,"_lineIndex":3,"_lineLayer":0,"_type":1,"_cutDirection":8},{"_time":64.24581005586599,"_lineIndex":2,"_lineLayer":0,"_type":1,"_cutDirection":8},{"_time":65.92178770949728,"_lineIndex":3,"_lineLayer":0,"_type":1,"_cutDirection":8},{"_time":67.03910614525148,"_lineIndex":0,"_lineLayer":0,"_type":0,"_cutDirection":8},{"_time":67.03910614525148,"_lineIndex":3,"_lineLayer":0,"_type":1,"_cutDirection":8},{"_time":68.71508379888277,"_lineIndex":3,"_lineLayer":0,"_type":1,"_cutDirection":8},{"_time":70.39106145251408,"_lineIndex":2,"_lineLayer":0,"_type":1,"_cutDirection":8},{"_time":71.50837988826828,"_lineIndex":1,"_lineLayer":0,"_type":0,"_cutDirection":8},{"_time":71.50837988826828,"_lineIndex":2,"_lineLayer":0,"_type":1,"_cutDirection":8},{"_time":73.18435754189959,"_lineIndex":1,"_lineLayer":0,"_type":0,"_cutDirection":8},{"_time":74.8603351955309,"_lineIndex":0,"_lineLayer":0,"_type":0,"_cutDirection":8},{"_time":75.9776536312851,"_lineIndex":0,"_lineLayer":0,"_type":0,"_cutDirection":8},{"_time":75.9776536312851,"_lineIndex":2,"_lineLayer":0,"_type":1,"_cutDirection":8},{"_time":77.65363128491639,"_lineIndex":0,"_lineLayer":0,"_type":0,"_cutDirection":8},{"_time":77.65363128491639,"_lineIndex":3,"_lineLayer":0,"_type":1,"_cutDirection":8},{"_time":84.91620111731864,"_lineIndex":0,"_lineLayer":0,"_type":0,"_cutDirection":8},{"_time":86.03351955307282,"_lineIndex":2,"_lineLayer":0,"_type":1,"_cutDirection":8},{"_time":86.03351955307282,"_lineIndex":3,"_lineLayer":0,"_type":1,"_cutDirection":8},{"_time":87.15083798882702,"_lineIndex":2,"_lineLayer":0,"_type":1,"_cutDirection":8},{"_time":88.26815642458119,"_lineIndex":1,"_lineLayer":0,"_type":0,"_cutDirection":8},{"_time":89.38547486033538,"_lineIndex":0,"_lineLayer":0,"_type":0,"_cutDirection":8},{"_time":90.50279329608958,"_lineIndex":2,"_lineLayer":0,"_type":1,"_cutDirection":8},{"_time":91.62011173184378,"_lineIndex":0,"_lineLayer":0,"_type":0,"_cutDirection":8},{"_time":92.17877094972089,"_lineIndex":1,"_lineLayer":0,"_type":0,"_cutDirection":8},{"_time":92.73743016759798,"_lineIndex":0,"_lineLayer":0,"_type":0,"_cutDirection":8},{"_time":93.85474860335218,"_lineIndex":0,"_lineLayer":0,"_type":0,"_cutDirection":8},{"_time":94.41340782122928,"_lineIndex":3,"_lineLayer":0,"_type":1,"_cutDirection":8},{"_time":94.97206703910638,"_lineIndex":2,"_lineLayer":0,"_type":1,"_cutDirection":8},{"_time":96.08938547486059,"_lineIndex":1,"_lineLayer":0,"_type":0,"_cutDirection":8},{"_time":97.20670391061479,"_lineIndex":0,"_lineLayer":0,"_type":0,"_cutDirection":8},{"_time":98.32402234636899,"_lineIndex":2,"_lineLayer":0,"_type":1,"_cutDirection":8},{"_time":99.44134078212318,"_lineIndex":1,"_lineLayer":0,"_type":0,"_cutDirection":8},{"_time":100.55865921787736,"_lineIndex":1,"_lineLayer":0,"_type":0,"_cutDirection":8},{"_time":100.55865921787736,"_lineIndex":2,"_lineLayer":0,"_type":1,"_cutDirection":8},{"_time":101.67597765363156,"_lineIndex":1,"_lineLayer":0,"_type":0,"_cutDirection":8},{"_time":101.67597765363156,"_lineIndex":2,"_lineLayer":0,"_type":1,"_cutDirection":8},{"_time":102.79329608938573,"_lineIndex":3,"_lineLayer":0,"_type":1,"_cutDirection":8},{"_time":103.91061452513992,"_lineIndex":0,"_lineLayer":0,"_type":0,"_cutDirection":8},{"_time":105.0279329608941,"_lineIndex":2,"_lineLayer":0,"_type":1,"_cutDirection":8},{"_time":106.1452513966483,"_lineIndex":1,"_lineLayer":0,"_type":0,"_cutDirection":8},{"_time":107.2625698324025,"_lineIndex":3,"_lineLayer":0,"_type":1,"_cutDirection":8},{"_time":108.37988826815668,"_lineIndex":2,"_lineLayer":0,"_type":1,"_cutDirection":8},{"_time":109.49720670391086,"_lineIndex":3,"_lineLayer":0,"_type":1,"_cutDirection":8},{"_time":110.05586592178794,"_lineIndex":1,"_lineLayer":0,"_type":0,"_cutDirection":8},{"_time":110.61452513966502,"_lineIndex":3,"_lineLayer":0,"_type":1,"_cutDirection":8},{"_time":111.7318435754192,"_lineIndex":0,"_lineLayer":0,"_type":0,"_cutDirection":8},{"_time":112.2905027932963,"_lineIndex":1,"_lineLayer":0,"_type":0,"_cutDirection":8},{"_time":112.84916201117338,"_lineIndex":2,"_lineLayer":0,"_type":1,"_cutDirection":8},{"_time":113.96648044692756,"_lineIndex":3,"_lineLayer":0,"_type":1,"_cutDirection":8},{"_time":114.52513966480464,"_lineIndex":2,"_lineLayer":0,"_type":1,"_cutDirection":8},{"_time":115.08379888268173,"_lineIndex":3,"_lineLayer":0,"_type":1,"_cutDirection":8},{"_time":116.20111731843592,"_lineIndex":2,"_lineLayer":0,"_type":1,"_cutDirection":8},{"_time":117.31843575419012,"_lineIndex":1,"_lineLayer":0,"_type":0,"_cutDirection":8},{"_time":118.43575418994432,"_lineIndex":1,"_lineLayer":0,"_type":0,"_cutDirection":8},{"_time":118.43575418994432,"_lineIndex":2,"_lineLayer":0,"_type":1,"_cutDirection":8},{"_time":120.6703910614527,"_lineIndex":2,"_lineLayer":0,"_type":1,"_cutDirection":8},{"_time":121.7877094972069,"_lineIndex":0,"_lineLayer":0,"_type":0,"_cutDirection":8},{"_time":121.7877094972069,"_lineIndex":3,"_lineLayer":0,"_type":1,"_cutDirection":8},{"_time":122.9050279329611,"_lineIndex":1,"_lineLayer":0,"_type":0,"_cutDirection":8},{"_time":124.0223463687153,"_lineIndex":0,"_lineLayer":0,"_type":0,"_cutDirection":8},{"_time":124.0223463687153,"_lineIndex":3,"_lineLayer":0,"_type":1,"_cutDirection":8},{"_time":125.1396648044695,"_lineIndex":2,"_lineLayer":0,"_type":1,"_cutDirection":8},{"_time":126.2569832402237,"_lineIndex":0,"_lineLayer":0,"_type":0,"_cutDirection":8},{"_time":126.2569832402237,"_lineIndex":3,"_lineLayer":0,"_type":1,"_cutDirection":8},{"_time":127.3743016759779,"_lineIndex":1,"_lineLayer":0,"_type":0,"_cutDirection":8},{"_time":128.4916201117321,"_lineIndex":1,"_lineLayer":0,"_type":0,"_cutDirection":8},{"_time":128.4916201117321,"_lineIndex":2,"_lineLayer":0,"_type":1,"_cutDirection":8},{"_time":129.6089385474863,"_lineIndex":2,"_lineLayer":0,"_type":1,"_cutDirection":8},{"_time":130.72625698324052,"_lineIndex":0,"_lineLayer":0,"_type":0,"_cutDirection":8},{"_time":130.72625698324052,"_lineIndex":3,"_lineLayer":0,"_type":1,"_cutDirection":8},{"_time":131.8435754189947,"_lineIndex":2,"_lineLayer":0,"_type":1,"_cutDirection":8},{"_time":132.96089385474892,"_lineIndex":0,"_lineLayer":0,"_type":0,"_cutDirection":8},{"_time":132.96089385474892,"_lineIndex":3,"_lineLayer":0,"_type":1,"_cutDirection":8},{"_time":134.0782122905031,"_lineIndex":1,"_lineLayer":0,"_type":0,"_cutDirection":8},{"_time":135.1955307262573,"_lineIndex":0,"_lineLayer":0,"_type":0,"_cutDirection":8},{"_time":135.1955307262573,"_lineIndex":3,"_lineLayer":0,"_type":1,"_cutDirection":8},{"_time":136.31284916201147,"_lineIndex":2,"_lineLayer":0,"_type":1,"_cutDirection":8},{"_time":136.87150837988852,"_lineIndex":1,"_lineLayer":0,"_type":0,"_cutDirection":8},{"_time":137.43016759776566,"_lineIndex":2,"_lineLayer":0,"_type":1,"_cutDirection":8},{"_time":137.98882681564274,"_lineIndex":1,"_lineLayer":0,"_type":0,"_cutDirection":8},{"_time":139.664804469274,"_lineIndex":0,"_lineLayer":0,"_type":0,"_cutDirection":8},{"_time":139.664804469274,"_lineIndex":3,"_lineLayer":0,"_type":1,"_cutDirection":8},{"_time":140.78212290502822,"_lineIndex":1,"_lineLayer":0,"_type":0,"_cutDirection":8},{"_time":141.8994413407824,"_lineIndex":0,"_lineLayer":0,"_type":0,"_cutDirection":8},{"_time":141.8994413407824,"_lineIndex":3,"_lineLayer":0,"_type":1,"_cutDirection":8},{"_time":143.01675977653662,"_lineIndex":2,"_lineLayer":0,"_type":1,"_cutDirection":8},{"_time":144.1340782122908,"_lineIndex":0,"_lineLayer":0,"_type":0,"_cutDirection":8},{"_time":144.1340782122908,"_lineIndex":3,"_lineLayer":0,"_type":1,"_cutDirection":8},{"_time":145.25139664804502,"_lineIndex":1,"_lineLayer":0,"_type":0,"_cutDirection":8},{"_time":146.3687150837992,"_lineIndex":0,"_lineLayer":0,"_type":0,"_cutDirection":8},{"_time":146.3687150837992,"_lineIndex":3,"_lineLayer":0,"_type":1,"_cutDirection":8},{"_time":147.48603351955342,"_lineIndex":1,"_lineLayer":0,"_type":0,"_cutDirection":8},{"_time":148.60335195530757,"_lineIndex":1,"_lineLayer":0,"_type":0,"_cutDirection":8},{"_time":149.16201117318465,"_lineIndex":0,"_lineLayer":0,"_type":0,"_cutDirection":8},{"_time":149.7206703910618,"_lineIndex":1,"_lineLayer":0,"_type":0,"_cutDirection":8},{"_time":150.83798882681594,"_lineIndex":2,"_lineLayer":0,"_type":1,"_cutDirection":8},{"_time":151.9553072625701,"_lineIndex":3,"_lineLayer":0,"_type":1,"_cutDirection":8},{"_time":152.5139664804472,"_lineIndex":2,"_lineLayer":0,"_type":1,"_cutDirection":8},{"_time":153.0726256983243,"_lineIndex":3,"_lineLayer":0,"_type":1,"_cutDirection":8},{"_time":154.18994413407847,"_lineIndex":1,"_lineLayer":0,"_type":0,"_cutDirection":8},{"_time":156.42458100558682,"_lineIndex":2,"_lineLayer":0,"_type":1,"_cutDirection":8},{"_time":157.54189944134103,"_lineIndex":0,"_lineLayer":0,"_type":0,"_cutDirection":8},{"_time":157.54189944134103,"_lineIndex":3,"_lineLayer":0,"_type":1,"_cutDirection":8},{"_time":158.65921787709522,"_lineIndex":1,"_lineLayer":0,"_type":0,"_cutDirection":8},{"_time":159.7765363128494,"_lineIndex":0,"_lineLayer":0,"_type":0,"_cutDirection":8},{"_time":159.7765363128494,"_lineIndex":3,"_lineLayer":0,"_type":1,"_cutDirection":8},{"_time":160.89385474860362,"_lineIndex":2,"_lineLayer":0,"_type":1,"_cutDirection":8},{"_time":162.0111731843578,"_lineIndex":0,"_lineLayer":0,"_type":0,"_cutDirection":8},{"_time":162.0111731843578,"_lineIndex":3,"_lineLayer":0,"_type":1,"_cutDirection":8},{"_time":163.12849162011202,"_lineIndex":1,"_lineLayer":0,"_type":0,"_cutDirection":8},{"_time":164.2458100558662,"_lineIndex":1,"_lineLayer":0,"_type":0,"_cutDirection":8},{"_time":164.2458100558662,"_lineIndex":2,"_lineLayer":0,"_type":1,"_cutDirection":8},{"_time":165.36312849162042,"_lineIndex":2,"_lineLayer":0,"_type":1,"_cutDirection":8},{"_time":166.4804469273746,"_lineIndex":0,"_lineLayer":0,"_type":0,"_cutDirection":8},{"_time":166.4804469273746,"_lineIndex":3,"_lineLayer":0,"_type":1,"_cutDirection":8},{"_time":167.59776536312881,"_lineIndex":2,"_lineLayer":0,"_type":1,"_cutDirection":8},{"_time":168.715083798883,"_lineIndex":0,"_lineLayer":0,"_type":0,"_cutDirection":8},{"_time":168.715083798883,"_lineIndex":3,"_lineLayer":0,"_type":1,"_cutDirection":8},{"_time":169.83240223463721,"_lineIndex":1,"_lineLayer":0,"_type":0,"_cutDirection":8},{"_time":170.9497206703914,"_lineIndex":0,"_lineLayer":0,"_type":0,"_cutDirection":8},{"_time":170.9497206703914,"_lineIndex":3,"_lineLayer":0,"_type":1,"_cutDirection":8},{"_time":172.0670391061456,"_lineIndex":0,"_lineLayer":0,"_type":0,"_cutDirection":8},{"_time":172.62569832402266,"_lineIndex":3,"_lineLayer":0,"_type":1,"_cutDirection":8},{"_time":173.18435754189974,"_lineIndex":0,"_lineLayer":0,"_type":0,"_cutDirection":8},{"_time":173.74301675977682,"_lineIndex":3,"_lineLayer":0,"_type":1,"_cutDirection":8},{"_time":174.3016759776539,"_lineIndex":0,"_lineLayer":0,"_type":0,"_cutDirection":8},{"_time":176.53631284916233,"_lineIndex":1,"_lineLayer":0,"_type":0,"_cutDirection":8},{"_time":177.65363128491654,"_lineIndex":0,"_lineLayer":0,"_type":0,"_cutDirection":8},{"_time":177.65363128491654,"_lineIndex":3,"_lineLayer":0,"_type":1,"_cutDirection":8},{"_time":178.77094972067073,"_lineIndex":2,"_lineLayer":0,"_type":1,"_cutDirection":8},{"_time":179.88826815642494,"_lineIndex":0,"_lineLayer":0,"_type":0,"_cutDirection":8},{"_time":179.88826815642494,"_lineIndex":3,"_lineLayer":0,"_type":1,"_cutDirection":8},{"_time":181.00558659217913,"_lineIndex":1,"_lineLayer":0,"_type":0,"_cutDirection":8},{"_time":182.12290502793334,"_lineIndex":0,"_lineLayer":0,"_type":0,"_cutDirection":8},{"_time":182.12290502793334,"_lineIndex":3,"_lineLayer":0,"_type":1,"_cutDirection":8},{"_time":183.24022346368753,"_lineIndex":1,"_lineLayer":0,"_type":0,"_cutDirection":8},{"_time":183.7988826815646,"_lineIndex":2,"_lineLayer":0,"_type":1,"_cutDirection":8},{"_time":184.3575418994417,"_lineIndex":1,"_lineLayer":0,"_type":0,"_cutDirection":8},{"_time":185.47486033519587,"_lineIndex":1,"_lineLayer":0,"_type":0,"_cutDirection":8},{"_time":187.70949720670424,"_lineIndex":3,"_lineLayer":0,"_type":1,"_cutDirection":8},{"_time":188.4543761638737,"_lineIndex":0,"_lineLayer":0,"_type":0,"_cutDirection":8},{"_time":189.19925512104317,"_lineIndex":3,"_lineLayer":0,"_type":1,"_cutDirection":8},{"_time":189.94413407821264,"_lineIndex":0,"_lineLayer":0,"_type":0,"_cutDirection":8},{"_time":189.94413407821264,"_lineIndex":3,"_lineLayer":0,"_type":1,"_cutDirection":8},{"_time":192.17877094972104,"_lineIndex":3,"_lineLayer":0,"_type":1,"_cutDirection":8},{"_time":193.2960893854752,"_lineIndex":0,"_lineLayer":0,"_type":0,"_cutDirection":8},{"_time":194.41340782122936,"_lineIndex":2,"_lineLayer":0,"_type":1,"_cutDirection":8},{"_time":194.97206703910646,"_lineIndex":1,"_lineLayer":0,"_type":0,"_cutDirection":8},{"_time":196.08938547486065,"_lineIndex":3,"_lineLayer":0,"_type":1,"_cutDirection":8},{"_time":197.20670391061483,"_lineIndex":2,"_lineLayer":0,"_type":1,"_cutDirection":8},{"_time":198.324022346369,"_lineIndex":1,"_lineLayer":0,"_type":0,"_cutDirection":8},{"_time":199.44134078212315,"_lineIndex":0,"_lineLayer":0,"_type":0,"_cutDirection":8},{"_time":201.11731843575444,"_lineIndex":0,"_lineLayer":0,"_type":0,"_cutDirection":8},{"_time":202.7932960893857,"_lineIndex":3,"_lineLayer":0,"_type":1,"_cutDirection":8},{"_time":204.46927374301697,"_lineIndex":1,"_lineLayer":0,"_type":0,"_cutDirection":8},{"_time":205.02793296089405,"_lineIndex":2,"_lineLayer":0,"_type":1,"_cutDirection":8},{"_time":206.14525139664823,"_lineIndex":2,"_lineLayer":0,"_type":1,"_cutDirection":8},{"_time":207.2625698324024,"_lineIndex":0,"_lineLayer":0,"_type":0,"_cutDirection":8},{"_time":208.93854748603368,"_lineIndex":3,"_lineLayer":0,"_type":1,"_cutDirection":8},{"_time":209.49720670391076,"_lineIndex":2,"_lineLayer":0,"_type":1,"_cutDirection":8},{"_time":210.05586592178784,"_lineIndex":3,"_lineLayer":0,"_type":1,"_cutDirection":8},{"_time":211.17318435754203,"_lineIndex":1,"_lineLayer":0,"_type":0,"_cutDirection":8},{"_time":212.29050279329618,"_lineIndex":2,"_lineLayer":0,"_type":1,"_cutDirection":8},{"_time":212.84916201117326,"_lineIndex":0,"_lineLayer":0,"_type":0,"_cutDirection":8},{"_time":213.9664804469275,"_lineIndex":0,"_lineLayer":0,"_type":0,"_cutDirection":8},{"_time":215.08379888268166,"_lineIndex":2,"_lineLayer":0,"_type":1,"_cutDirection":8},{"_time":216.20111731843585,"_lineIndex":1,"_lineLayer":0,"_type":0,"_cutDirection":8},{"_time":217.31843575419,"_lineIndex":3,"_lineLayer":0,"_type":1,"_cutDirection":8},{"_time":218.9944134078213,"_lineIndex":0,"_lineLayer":0,"_type":0,"_cutDirection":8},{"_time":219.55307262569838,"_lineIndex":1,"_lineLayer":0,"_type":0,"_cutDirection":8},{"_time":220.11173184357546,"_lineIndex":0,"_lineLayer":0,"_type":0,"_cutDirection":8},{"_time":221.22905027932964,"_lineIndex":3,"_lineLayer":0,"_type":1,"_cutDirection":8},{"_time":221.78770949720672,"_lineIndex":2,"_lineLayer":0,"_type":1,"_cutDirection":8},{"_time":222.3463687150838,"_lineIndex":3,"_lineLayer":0,"_type":1,"_cutDirection":8},{"_time":223.46368715083798,"_lineIndex":0,"_lineLayer":0,"_type":0,"_cutDirection":8},{"_time":224.58100558659217,"_lineIndex":1,"_lineLayer":0,"_type":0,"_cutDirection":8},{"_time":225.69832402234633,"_lineIndex":3,"_lineLayer":0,"_type":1,"_cutDirection":8},{"_time":226.8156424581005,"_lineIndex":1,"_lineLayer":0,"_type":0,"_cutDirection":8},{"_time":227.9329608938547,"_lineIndex":0,"_lineLayer":0,"_type":0,"_cutDirection":8},{"_time":229.05027932960886,"_lineIndex":3,"_lineLayer":0,"_type":1,"_cutDirection":8},{"_time":230.16759776536304,"_lineIndex":0,"_lineLayer":0,"_type":0,"_cutDirection":8},{"_time":230.72625698324012,"_lineIndex":1,"_lineLayer":0,"_type":0,"_cutDirection":8},{"_time":231.84357541899433,"_lineIndex":0,"_lineLayer":0,"_type":0,"_cutDirection":8},{"_time":232.9608938547485,"_lineIndex":2,"_lineLayer":0,"_type":1,"_cutDirection":8},{"_time":234.07821229050265,"_lineIndex":1,"_lineLayer":0,"_type":0,"_cutDirection":8},{"_time":235.19553072625683,"_lineIndex":3,"_lineLayer":0,"_type":1,"_cutDirection":8},{"_time":236.8715083798881,"_lineIndex":0,"_lineLayer":0,"_type":0,"_cutDirection":8},{"_time":236.8715083798881,"_lineIndex":3,"_lineLayer":0,"_type":1,"_cutDirection":8},{"_time":238.54748603351936,"_lineIndex":0,"_lineLayer":0,"_type":0,"_cutDirection":8},{"_time":240.22346368715063,"_lineIndex":1,"_lineLayer":0,"_type":0,"_cutDirection":8},{"_time":240.78212290502773,"_lineIndex":2,"_lineLayer":0,"_type":1,"_cutDirection":8},{"_time":241.8994413407819,"_lineIndex":2,"_lineLayer":0,"_type":1,"_cutDirection":8},{"_time":243.01675977653608,"_lineIndex":3,"_lineLayer":0,"_type":1,"_cutDirection":8},{"_time":244.6927374301673,"_lineIndex":0,"_lineLayer":0,"_type":0,"_cutDirection":8},{"_time":245.2513966480444,"_lineIndex":1,"_lineLayer":0,"_type":0,"_cutDirection":8},{"_time":245.81005586592153,"_lineIndex":0,"_lineLayer":0,"_type":0,"_cutDirection":8},{"_time":247.48603351955276,"_lineIndex":3,"_lineLayer":0,"_type":1,"_cutDirection":8},{"_time":249.16201117318403,"_lineIndex":2,"_lineLayer":0,"_type":1,"_cutDirection":8},{"_time":249.72067039106113,"_lineIndex":1,"_lineLayer":0,"_type":0,"_cutDirection":8},{"_time":250.2793296089382,"_lineIndex":0,"_lineLayer":0,"_type":0,"_cutDirection":8},{"_time":251.95530726256948,"_lineIndex":3,"_lineLayer":0,"_type":1,"_cutDirection":8},{"_time":253.63128491620074,"_lineIndex":1,"_lineLayer":0,"_type":0,"_cutDirection":8},{"_time":254.74860335195493,"_lineIndex":0,"_lineLayer":0,"_type":0,"_cutDirection":8},{"_time":254.74860335195493,"_lineIndex":1,"_lineLayer":0,"_type":0,"_cutDirection":8},{"_time":256.42458100558616,"_lineIndex":0,"_lineLayer":0,"_type":0,"_cutDirection":8},{"_time":256.42458100558616,"_lineIndex":3,"_lineLayer":0,"_type":1,"_cutDirection":8},{"_time":263.6871508379883,"_lineIndex":3,"_lineLayer":0,"_type":1,"_cutDirection":8},{"_time":264.8044692737425,"_lineIndex":0,"_lineLayer":0,"_type":0,"_cutDirection":8},{"_time":265.3631284916196,"_lineIndex":1,"_lineLayer":0,"_type":0,"_cutDirection":8},{"_time":266.48044692737375,"_lineIndex":0,"_lineLayer":0,"_type":0,"_cutDirection":8},{"_time":267.03910614525086,"_lineIndex":1,"_lineLayer":0,"_type":0,"_cutDirection":8},{"_time":267.59776536312796,"_lineIndex":0,"_lineLayer":0,"_type":0,"_cutDirection":8},{"_time":268.7150837988821,"_lineIndex":2,"_lineLayer":0,"_type":1,"_cutDirection":8},{"_time":269.2737430167592,"_lineIndex":1,"_lineLayer":0,"_type":0,"_cutDirection":8},{"_time":269.8324022346363,"_lineIndex":2,"_lineLayer":0,"_type":1,"_cutDirection":8},{"_time":270.3910614525134,"_lineIndex":1,"_lineLayer":0,"_type":0,"_cutDirection":8},{"_time":271.50837988826754,"_lineIndex":3,"_lineLayer":0,"_type":1,"_cutDirection":8},{"_time":272.62569832402176,"_lineIndex":0,"_lineLayer":0,"_type":0,"_cutDirection":8},{"_time":272.62569832402176,"_lineIndex":3,"_lineLayer":0,"_type":1,"_cutDirection":8},{"_time":273.7430167597759,"_lineIndex":1,"_lineLayer":0,"_type":0,"_cutDirection":8},{"_time":274.30167597765296,"_lineIndex":2,"_lineLayer":0,"_type":1,"_cutDirection":8},{"_time":274.86033519553007,"_lineIndex":1,"_lineLayer":0,"_type":0,"_cutDirection":8},{"_time":275.9776536312842,"_lineIndex":2,"_lineLayer":0,"_type":1,"_cutDirection":8},{"_time":277.09497206703844,"_lineIndex":1,"_lineLayer":0,"_type":0,"_cutDirection":8},{"_time":277.09497206703844,"_lineIndex":3,"_lineLayer":0,"_type":1,"_cutDirection":8},{"_time":278.2122905027926,"_lineIndex":0,"_lineLayer":0,"_type":0,"_cutDirection":8},{"_time":278.2122905027926,"_lineIndex":1,"_lineLayer":0,"_type":0,"_cutDirection":8},{"_time":279.3296089385468,"_lineIndex":1,"_lineLayer":0,"_type":0,"_cutDirection":8},{"_time":279.3296089385468,"_lineIndex":3,"_lineLayer":0,"_type":1,"_cutDirection":8},{"_time":280.44692737430097,"_lineIndex":1,"_lineLayer":0,"_type":0,"_cutDirection":8},{"_time":280.44692737430097,"_lineIndex":3,"_lineLayer":0,"_type":1,"_cutDirection":8},{"_time":281.5642458100552,"_lineIndex":0,"_lineLayer":0,"_type":0,"_cutDirection":8},{"_time":282.68156424580934,"_lineIndex":3,"_lineLayer":0,"_type":1,"_cutDirection":8},{"_time":283.24022346368645,"_lineIndex":1,"_lineLayer":0,"_type":0,"_cutDirection":8},{"_time":284.3575418994406,"_lineIndex":3,"_lineLayer":0,"_type":1,"_cutDirection":8},{"_time":284.91620111731766,"_lineIndex":2,"_lineLayer":0,"_type":1,"_cutDirection":8},{"_time":285.47486033519476,"_lineIndex":3,"_lineLayer":0,"_type":1,"_cutDirection":8},{"_time":286.5921787709489,"_lineIndex":2,"_lineLayer":0,"_type":1,"_cutDirection":8},{"_time":287.150837988826,"_lineIndex":1,"_lineLayer":0,"_type":0,"_cutDirection":8},{"_time":287.70949720670313,"_lineIndex":2,"_lineLayer":0,"_type":1,"_cutDirection":8},{"_time":288.26815642458024,"_lineIndex":1,"_lineLayer":0,"_type":0,"_cutDirection":8},{"_time":289.3854748603344,"_lineIndex":0,"_lineLayer":0,"_type":0,"_cutDirection":8},{"_time":290.50279329608856,"_lineIndex":3,"_lineLayer":0,"_type":1,"_cutDirection":8},{"_time":291.62011173184266,"_lineIndex":0,"_lineLayer":0,"_type":0,"_cutDirection":8},{"_time":292.73743016759676,"_lineIndex":1,"_lineLayer":0,"_type":0,"_cutDirection":8},{"_time":293.48230912476623,"_lineIndex":2,"_lineLayer":0,"_type":1,"_cutDirection":8},{"_time":294.22718808193565,"_lineIndex":3,"_lineLayer":0,"_type":1,"_cutDirection":8},{"_time":294.97206703910507,"_lineIndex":0,"_lineLayer":0,"_type":0,"_cutDirection":8},{"_time":296.0893854748592,"_lineIndex":3,"_lineLayer":0,"_type":1,"_cutDirection":8},{"_time":296.64804469273633,"_lineIndex":1,"_lineLayer":0,"_type":0,"_cutDirection":8},{"_time":297.7653631284905,"_lineIndex":2,"_lineLayer":0,"_type":1,"_cutDirection":8},{"_time":298.3240223463676,"_lineIndex":0,"_lineLayer":0,"_type":0,"_cutDirection":8},{"_time":299.4413407821218,"_lineIndex":0,"_lineLayer":0,"_type":0,"_cutDirection":8},{"_time":299.4413407821218,"_lineIndex":3,"_lineLayer":0,"_type":1,"_cutDirection":8},{"_time":301.6759776536301,"_lineIndex":2,"_lineLayer":0,"_type":1,"_cutDirection":8},{"_time":302.23463687150723,"_lineIndex":1,"_lineLayer":0,"_type":0,"_cutDirection":8},{"_time":302.7932960893843,"_lineIndex":2,"_lineLayer":0,"_type":1,"_cutDirection":8},{"_time":303.3519553072614,"_lineIndex":1,"_lineLayer":0,"_type":0,"_cutDirection":8},{"_time":304.4692737430156,"_lineIndex":0,"_lineLayer":0,"_type":0,"_cutDirection":8},{"_time":305.02793296089266,"_lineIndex":2,"_lineLayer":0,"_type":1,"_cutDirection":8},{"_time":305.58659217876976,"_lineIndex":0,"_lineLayer":0,"_type":0,"_cutDirection":8},{"_time":306.1452513966468,"_lineIndex":2,"_lineLayer":0,"_type":1,"_cutDirection":8},{"_time":307.262569832401,"_lineIndex":1,"_lineLayer":0,"_type":0,"_cutDirection":8},{"_time":308.3798882681552,"_lineIndex":3,"_lineLayer":0,"_type":1,"_cutDirection":8},{"_time":309.4972067039094,"_lineIndex":1,"_lineLayer":0,"_type":0,"_cutDirection":8},{"_time":310.61452513966356,"_lineIndex":0,"_lineLayer":0,"_type":0,"_cutDirection":8},{"_time":311.7318435754177,"_lineIndex":1,"_lineLayer":0,"_type":0,"_cutDirection":8},{"_time":312.84916201117187,"_lineIndex":3,"_lineLayer":0,"_type":1,"_cutDirection":8},{"_time":313.966480446926,"_lineIndex":3,"_lineLayer":0,"_type":1,"_cutDirection":8},{"_time":315.0837988826801,"_lineIndex":0,"_lineLayer":0,"_type":0,"_cutDirection":8},{"_time":315.82867783984955,"_lineIndex":2,"_lineLayer":0,"_type":1,"_cutDirection":8},{"_time":316.57355679701897,"_lineIndex":1,"_lineLayer":0,"_type":0,"_cutDirection":8},{"_time":317.31843575418844,"_lineIndex":3,"_lineLayer":0,"_type":1,"_cutDirection":8},{"_time":318.4357541899426,"_lineIndex":2,"_lineLayer":0,"_type":1,"_cutDirection":8},{"_time":318.99441340781965,"_lineIndex":3,"_lineLayer":0,"_type":1,"_cutDirection":8},{"_time":320.1117318435738,"_lineIndex":2,"_lineLayer":0,"_type":1,"_cutDirection":8},{"_time":320.6703910614509,"_lineIndex":3,"_lineLayer":0,"_type":1,"_cutDirection":8},{"_time":321.2290502793281,"_lineIndex":2,"_lineLayer":0,"_type":1,"_cutDirection":8},{"_time":322.34636871508224,"_lineIndex":3,"_lineLayer":0,"_type":1,"_cutDirection":8},{"_time":322.9050279329593,"_lineIndex":0,"_lineLayer":0,"_type":0,"_cutDirection":8},{"_time":323.4636871508364,"_lineIndex":3,"_lineLayer":0,"_type":1,"_cutDirection":8},{"_time":324.02234636871344,"_lineIndex":1,"_lineLayer":0,"_type":0,"_cutDirection":8},{"_time":325.1396648044676,"_lineIndex":1,"_lineLayer":0,"_type":0,"_cutDirection":8},{"_time":326.2569832402218,"_lineIndex":0,"_lineLayer":0,"_type":0,"_cutDirection":8},{"_time":327.374301675976,"_lineIndex":1,"_lineLayer":0,"_type":0,"_cutDirection":8},{"_time":328.4916201117302,"_lineIndex":3,"_lineLayer":0,"_type":1,"_cutDirection":8},{"_time":329.60893854748434,"_lineIndex":1,"_lineLayer":0,"_type":0,"_cutDirection":8},{"_time":330.7262569832385,"_lineIndex":3,"_lineLayer":0,"_type":1,"_cutDirection":8},{"_time":331.5642458100541,"_lineIndex":0,"_lineLayer":0,"_type":0,"_cutDirection":8},{"_time":332.4022346368698,"_lineIndex":3,"_lineLayer":0,"_type":1,"_cutDirection":8},{"_time":332.96089385474687,"_lineIndex":0,"_lineLayer":0,"_type":0,"_cutDirection":8},{"_time":335.19553072625524,"_lineIndex":0,"_lineLayer":0,"_type":0,"_cutDirection":8},{"_time":336.3128491620094,"_lineIndex":1,"_lineLayer":0,"_type":0,"_cutDirection":8},{"_time":337.4301675977636,"_lineIndex":0,"_lineLayer":0,"_type":0,"_cutDirection":8},{"_time":338.54748603351777,"_lineIndex":3,"_lineLayer":0,"_type":1,"_cutDirection":8},{"_time":339.6648044692719,"_lineIndex":1,"_lineLayer":0,"_type":0,"_cutDirection":8},{"_time":340.7821229050261,"_lineIndex":3,"_lineLayer":0,"_type":1,"_cutDirection":8},{"_time":341.89944134078024,"_lineIndex":2,"_lineLayer":0,"_type":1,"_cutDirection":8},{"_time":342.45810055865735,"_lineIndex":1,"_lineLayer":0,"_type":0,"_cutDirection":8},{"_time":343.01675977653446,"_lineIndex":0,"_lineLayer":0,"_type":0,"_cutDirection":8},{"_time":344.13407821228867,"_lineIndex":3,"_lineLayer":0,"_type":1,"_cutDirection":8},{"_time":345.2513966480428,"_lineIndex":1,"_lineLayer":0,"_type":0,"_cutDirection":8},{"_time":346.368715083797,"_lineIndex":3,"_lineLayer":0,"_type":1,"_cutDirection":8},{"_time":347.48603351955114,"_lineIndex":0,"_lineLayer":0,"_type":0,"_cutDirection":8},{"_time":348.60335195530536,"_lineIndex":1,"_lineLayer":0,"_type":0,"_cutDirection":8},{"_time":349.7206703910595,"_lineIndex":0,"_lineLayer":0,"_type":0,"_cutDirection":8},{"_time":350.83798882681367,"_lineIndex":0,"_lineLayer":0,"_type":0,"_cutDirection":8},{"_time":350.83798882681367,"_lineIndex":1,"_lineLayer":0,"_type":0,"_cutDirection":8},{"_time":353.07262569832204,"_lineIndex":3,"_lineLayer":0,"_type":1,"_cutDirection":8},{"_time":354.18994413407626,"_lineIndex":1,"_lineLayer":0,"_type":0,"_cutDirection":8},{"_time":355.3072625698304,"_lineIndex":3,"_lineLayer":0,"_type":1,"_cutDirection":8},{"_time":356.42458100558457,"_lineIndex":0,"_lineLayer":0,"_type":0,"_cutDirection":8},{"_time":357.5418994413387,"_lineIndex":1,"_lineLayer":0,"_type":0,"_cutDirection":8},{"_time":358.6592178770929,"_lineIndex":0,"_lineLayer":0,"_type":0,"_cutDirection":8},{"_time":359.7765363128471,"_lineIndex":2,"_lineLayer":0,"_type":1,"_cutDirection":8},{"_time":360.3351955307242,"_lineIndex":1,"_lineLayer":0,"_type":0,"_cutDirection":8},{"_time":360.89385474860126,"_lineIndex":3,"_lineLayer":0,"_type":1,"_cutDirection":8},{"_time":362.01117318435547,"_lineIndex":0,"_lineLayer":0,"_type":0,"_cutDirection":8},{"_time":363.1284916201096,"_lineIndex":1,"_lineLayer":0,"_type":0,"_cutDirection":8},{"_time":364.24581005586384,"_lineIndex":0,"_lineLayer":0,"_type":0,"_cutDirection":8},{"_time":365.363128491618,"_lineIndex":3,"_lineLayer":0,"_type":1,"_cutDirection":8},{"_time":366.48044692737216,"_lineIndex":2,"_lineLayer":0,"_type":1,"_cutDirection":8},{"_time":367.5977653631263,"_lineIndex":3,"_lineLayer":0,"_type":1,"_cutDirection":8},{"_time":368.1564245810034,"_lineIndex":1,"_lineLayer":0,"_type":0,"_cutDirection":8},{"_time":369.2737430167576,"_lineIndex":0,"_lineLayer":0,"_type":0,"_cutDirection":8},{"_time":369.2737430167576,"_lineIndex":3,"_lineLayer":0,"_type":1,"_cutDirection":8},{"_time":370.9497206703889,"_lineIndex":1,"_lineLayer":0,"_type":0,"_cutDirection":8},{"_time":370.9497206703889,"_lineIndex":2,"_lineLayer":0,"_type":1,"_cutDirection":8},{"_time":372.06703910614306,"_lineIndex":2,"_lineLayer":0,"_type":1,"_cutDirection":8},{"_time":373.1843575418972,"_lineIndex":1,"_lineLayer":0,"_type":0,"_cutDirection":8},{"_time":374.30167597765137,"_lineIndex":2,"_lineLayer":0,"_type":1,"_cutDirection":8},{"_time":375.4189944134056,"_lineIndex":0,"_lineLayer":0,"_type":0,"_cutDirection":8},{"_time":377.09497206703685,"_lineIndex":0,"_lineLayer":0,"_type":0,"_cutDirection":8},{"_time":377.09497206703685,"_lineIndex":1,"_lineLayer":0,"_type":0,"_cutDirection":8},{"_time":379.88826815642227,"_lineIndex":0,"_lineLayer":0,"_type":0,"_cutDirection":8},{"_time":379.88826815642227,"_lineIndex":3,"_lineLayer":0,"_type":1,"_cutDirection":8}],"_obstacles":[]}