{"songName":"Bassdrop Freaks","songSubName":"","authorName":"Camellia feat. nanahira","beatsPerMinute":200.0,"previewStartTime":57.654,"previewDuration":15.000000,"coverImagePath":"cover.png","environmentName":"DefaultEnvironment","difficultyLevels": [{"difficulty":"Expert","difficultyRank":13,"audioPath":"Bassdrop Freaks.ogg","jsonPath":"Expert.json"},{"difficulty":"Easy","difficultyRank":3,"audioPath":"Bassdrop Freaks.ogg","jsonPath":"Easy.json"},{"difficulty":"Normal","difficultyRank":7,"audioPath":"Bassdrop Freaks.ogg","jsonPath":"Normal.json"},{"difficulty":"Hard","difficultyRank":10,"audioPath":"Bassdrop Freaks.ogg","jsonPath":"Hard.json"}]}