{"_version":"1.5.0","_beatsPerMinute":200.0,"_beatsPerBar":32,"_noteJumpSpeed":10.0,"_shuffle":0.0,"_shufflePeriod":0.5,"_events":[],"_notes":[{"_time":40.22346368715082,"_lineIndex":0,"_lineLayer":0,"_type":0,"_cutDirection":8},{"_time":41.34078212290501,"_lineIndex":1,"_lineLayer":0,"_type":0,"_cutDirection":8},{"_time":42.4581005586592,"_lineIndex":3,"_lineLayer":0,"_type":1,"_cutDirection":8},{"_time":43.57541899441339,"_lineIndex":1,"_lineLayer":0,"_type":0,"_cutDirection":8},{"_time":44.692737430167575,"_lineIndex":0,"_lineLayer":0,"_type":0,"_cutDirection":8},{"_time":45.81005586592176,"_lineIndex":3,"_lineLayer":0,"_type":1,"_cutDirection":8},{"_time":46.927374301675954,"_lineIndex":0,"_lineLayer":0,"_type":0,"_cutDirection":8},{"_time":49.162011173184325,"_lineIndex":3,"_lineLayer":0,"_type":1,"_cutDirection":8},{"_time":51.396648044692704,"_lineIndex":2,"_lineLayer":0,"_type":1,"_cutDirection":8},{"_time":53.63128491620109,"_lineIndex":0,"_lineLayer":0,"_type":0,"_cutDirection":8},{"_time":55.86592178770946,"_lineIndex":1,"_lineLayer":0,"_type":0,"_cutDirection":8},{"_time":58.10055865921784,"_lineIndex":3,"_lineLayer":0,"_type":1,"_cutDirection":8},{"_time":60.33519553072621,"_lineIndex":1,"_lineLayer":0,"_type":0,"_cutDirection":8},{"_time":62.56983240223459,"_lineIndex":1,"_lineLayer":0,"_type":0,"_cutDirection":8},{"_time":63.687150837988774,"_lineIndex":2,"_lineLayer":0,"_type":1,"_cutDirection":8},{"_time":64.80446927374297,"_lineIndex":1,"_lineLayer":0,"_type":0,"_cutDirection":8},{"_time":67.03910614525134,"_lineIndex":3,"_lineLayer":0,"_type":1,"_cutDirection":8},{"_time":69.27374301675971,"_lineIndex":0,"_lineLayer":0,"_type":0,"_cutDirection":8},{"_time":71.5083798882681,"_lineIndex":0,"_lineLayer":0,"_type":0,"_cutDirection":8},{"_time":73.74301675977647,"_lineIndex":3,"_lineLayer":0,"_type":1,"_cutDirection":8},{"_time":75.97765363128484,"_lineIndex":2,"_lineLayer":0,"_type":1,"_cutDirection":8},{"_time":78.21229050279322,"_lineIndex":1,"_lineLayer":0,"_type":0,"_cutDirection":8},{"_time":80.4469273743016,"_lineIndex":0,"_lineLayer":0,"_type":0,"_cutDirection":8},{"_time":81.56424581005578,"_lineIndex":3,"_lineLayer":0,"_type":1,"_cutDirection":8},{"_time":82.68156424580998,"_lineIndex":0,"_lineLayer":0,"_type":0,"_cutDirection":8},{"_time":84.91620111731835,"_lineIndex":0,"_lineLayer":0,"_type":0,"_cutDirection":8},{"_time":86.03351955307254,"_lineIndex":0,"_lineLayer":0,"_type":0,"_cutDirection":8},{"_time":87.15083798882672,"_lineIndex":3,"_lineLayer":0,"_type":1,"_cutDirection":8},{"_time":88.26815642458091,"_lineIndex":3,"_lineLayer":0,"_type":1,"_cutDirection":8},{"_time":89.3854748603351,"_lineIndex":0,"_lineLayer":0,"_type":0,"_cutDirection":8},{"_time":90.5027932960893,"_lineIndex":1,"_lineLayer":0,"_type":0,"_cutDirection":8},{"_time":91.62011173184348,"_lineIndex":3,"_lineLayer":0,"_type":1,"_cutDirection":8},{"_time":93.85474860335187,"_lineIndex":1,"_lineLayer":0,"_type":0,"_cutDirection":8},{"_time":94.97206703910605,"_lineIndex":0,"_lineLayer":0,"_type":0,"_cutDirection":8},{"_time":96.08938547486022,"_lineIndex":1,"_lineLayer":0,"_type":0,"_cutDirection":8},{"_time":97.20670391061441,"_lineIndex":0,"_lineLayer":0,"_type":0,"_cutDirection":8},{"_time":98.32402234636861,"_lineIndex":3,"_lineLayer":0,"_type":1,"_cutDirection":8},{"_time":99.4413407821228,"_lineIndex":0,"_lineLayer":0,"_type":0,"_cutDirection":8},{"_time":100.55865921787698,"_lineIndex":3,"_lineLayer":0,"_type":1,"_cutDirection":8},{"_time":102.79329608938536,"_lineIndex":3,"_lineLayer":0,"_type":1,"_cutDirection":8},{"_time":103.91061452513955,"_lineIndex":3,"_lineLayer":0,"_type":1,"_cutDirection":8},{"_time":105.02793296089372,"_lineIndex":0,"_lineLayer":0,"_type":0,"_cutDirection":8},{"_time":106.14525139664792,"_lineIndex":0,"_lineLayer":0,"_type":0,"_cutDirection":8},{"_time":107.26256983240212,"_lineIndex":3,"_lineLayer":0,"_type":1,"_cutDirection":8},{"_time":108.37988826815632,"_lineIndex":1,"_lineLayer":0,"_type":0,"_cutDirection":8},{"_time":109.49720670391052,"_lineIndex":0,"_lineLayer":0,"_type":0,"_cutDirection":8},{"_time":111.73184357541892,"_lineIndex":1,"_lineLayer":0,"_type":0,"_cutDirection":8},{"_time":112.84916201117312,"_lineIndex":3,"_lineLayer":0,"_type":1,"_cutDirection":8},{"_time":113.96648044692732,"_lineIndex":1,"_lineLayer":0,"_type":0,"_cutDirection":8},{"_time":115.08379888268152,"_lineIndex":3,"_lineLayer":0,"_type":1,"_cutDirection":8},{"_time":116.20111731843572,"_lineIndex":0,"_lineLayer":0,"_type":0,"_cutDirection":8},{"_time":116.20111731843572,"_lineIndex":3,"_lineLayer":0,"_type":1,"_cutDirection":8},{"_time":121.7877094972067,"_lineIndex":0,"_lineLayer":0,"_type":0,"_cutDirection":8},{"_time":121.7877094972067,"_lineIndex":3,"_lineLayer":0,"_type":1,"_cutDirection":8},{"_time":124.02234636871512,"_lineIndex":1,"_lineLayer":0,"_type":0,"_cutDirection":8},{"_time":124.02234636871512,"_lineIndex":2,"_lineLayer":0,"_type":1,"_cutDirection":8},{"_time":126.25698324022352,"_lineIndex":0,"_lineLayer":0,"_type":0,"_cutDirection":8},{"_time":126.25698324022352,"_lineIndex":3,"_lineLayer":0,"_type":1,"_cutDirection":8},{"_time":128.49162011173192,"_lineIndex":1,"_lineLayer":0,"_type":0,"_cutDirection":8},{"_time":128.49162011173192,"_lineIndex":2,"_lineLayer":0,"_type":1,"_cutDirection":8},{"_time":130.72625698324032,"_lineIndex":0,"_lineLayer":0,"_type":0,"_cutDirection":8},{"_time":130.72625698324032,"_lineIndex":3,"_lineLayer":0,"_type":1,"_cutDirection":8},{"_time":132.96089385474872,"_lineIndex":1,"_lineLayer":0,"_type":0,"_cutDirection":8},{"_time":132.96089385474872,"_lineIndex":2,"_lineLayer":0,"_type":1,"_cutDirection":8},{"_time":135.19553072625712,"_lineIndex":0,"_lineLayer":0,"_type":0,"_cutDirection":8},{"_time":135.19553072625712,"_lineIndex":3,"_lineLayer":0,"_type":1,"_cutDirection":8},{"_time":136.3128491620113,"_lineIndex":2,"_lineLayer":0,"_type":1,"_cutDirection":8},{"_time":137.43016759776552,"_lineIndex":1,"_lineLayer":0,"_type":0,"_cutDirection":8},{"_time":139.66480446927392,"_lineIndex":0,"_lineLayer":0,"_type":0,"_cutDirection":8},{"_time":139.66480446927392,"_lineIndex":1,"_lineLayer":0,"_type":0,"_cutDirection":8},{"_time":141.89944134078232,"_lineIndex":1,"_lineLayer":0,"_type":0,"_cutDirection":8},{"_time":141.89944134078232,"_lineIndex":2,"_lineLayer":0,"_type":1,"_cutDirection":8},{"_time":144.13407821229072,"_lineIndex":2,"_lineLayer":0,"_type":1,"_cutDirection":8},{"_time":144.13407821229072,"_lineIndex":3,"_lineLayer":0,"_type":1,"_cutDirection":8},{"_time":146.36871508379912,"_lineIndex":1,"_lineLayer":0,"_type":0,"_cutDirection":8},{"_time":146.36871508379912,"_lineIndex":2,"_lineLayer":0,"_type":1,"_cutDirection":8},{"_time":147.48603351955333,"_lineIndex":0,"_lineLayer":0,"_type":0,"_cutDirection":8},{"_time":148.60335195530752,"_lineIndex":1,"_lineLayer":0,"_type":0,"_cutDirection":8},{"_time":149.7206703910617,"_lineIndex":2,"_lineLayer":0,"_type":1,"_cutDirection":8},{"_time":150.83798882681592,"_lineIndex":3,"_lineLayer":0,"_type":1,"_cutDirection":8},{"_time":151.9553072625701,"_lineIndex":1,"_lineLayer":0,"_type":0,"_cutDirection":8},{"_time":153.07262569832432,"_lineIndex":2,"_lineLayer":0,"_type":1,"_cutDirection":8},{"_time":154.1899441340785,"_lineIndex":1,"_lineLayer":0,"_type":0,"_cutDirection":8},{"_time":157.54189944134112,"_lineIndex":0,"_lineLayer":0,"_type":0,"_cutDirection":8},{"_time":157.54189944134112,"_lineIndex":3,"_lineLayer":0,"_type":1,"_cutDirection":8},{"_time":159.77653631284952,"_lineIndex":1,"_lineLayer":0,"_type":0,"_cutDirection":8},{"_time":159.77653631284952,"_lineIndex":2,"_lineLayer":0,"_type":1,"_cutDirection":8},{"_time":162.01117318435792,"_lineIndex":0,"_lineLayer":0,"_type":0,"_cutDirection":8},{"_time":162.01117318435792,"_lineIndex":3,"_lineLayer":0,"_type":1,"_cutDirection":8},{"_time":164.24581005586631,"_lineIndex":1,"_lineLayer":0,"_type":0,"_cutDirection":8},{"_time":164.24581005586631,"_lineIndex":2,"_lineLayer":0,"_type":1,"_cutDirection":8},{"_time":166.4804469273747,"_lineIndex":0,"_lineLayer":0,"_type":0,"_cutDirection":8},{"_time":166.4804469273747,"_lineIndex":3,"_lineLayer":0,"_type":1,"_cutDirection":8},{"_time":168.71508379888311,"_lineIndex":1,"_lineLayer":0,"_type":0,"_cutDirection":8},{"_time":168.71508379888311,"_lineIndex":2,"_lineLayer":0,"_type":1,"_cutDirection":8},{"_time":170.9497206703915,"_lineIndex":0,"_lineLayer":0,"_type":0,"_cutDirection":8},{"_time":170.9497206703915,"_lineIndex":3,"_lineLayer":0,"_type":1,"_cutDirection":8},{"_time":172.06703910614573,"_lineIndex":2,"_lineLayer":0,"_type":1,"_cutDirection":8},{"_time":173.1843575418999,"_lineIndex":1,"_lineLayer":0,"_type":0,"_cutDirection":8},{"_time":174.30167597765413,"_lineIndex":0,"_lineLayer":0,"_type":0,"_cutDirection":8},{"_time":177.6536312849167,"_lineIndex":2,"_lineLayer":0,"_type":1,"_cutDirection":8},{"_time":177.6536312849167,"_lineIndex":3,"_lineLayer":0,"_type":1,"_cutDirection":8},{"_time":179.8882681564251,"_lineIndex":1,"_lineLayer":0,"_type":0,"_cutDirection":8},{"_time":179.8882681564251,"_lineIndex":2,"_lineLayer":0,"_type":1,"_cutDirection":8},{"_time":182.1229050279335,"_lineIndex":0,"_lineLayer":0,"_type":0,"_cutDirection":8},{"_time":182.1229050279335,"_lineIndex":1,"_lineLayer":0,"_type":0,"_cutDirection":8},{"_time":183.24022346368773,"_lineIndex":3,"_lineLayer":0,"_type":1,"_cutDirection":8},{"_time":184.3575418994419,"_lineIndex":1,"_lineLayer":0,"_type":0,"_cutDirection":8},{"_time":185.4748603351961,"_lineIndex":2,"_lineLayer":0,"_type":1,"_cutDirection":8},{"_time":186.5921787709503,"_lineIndex":0,"_lineLayer":0,"_type":0,"_cutDirection":8},{"_time":187.7094972067045,"_lineIndex":1,"_lineLayer":0,"_type":0,"_cutDirection":8},{"_time":188.8268156424587,"_lineIndex":2,"_lineLayer":0,"_type":1,"_cutDirection":8},{"_time":189.9441340782129,"_lineIndex":1,"_lineLayer":0,"_type":0,"_cutDirection":8},{"_time":189.9441340782129,"_lineIndex":2,"_lineLayer":0,"_type":1,"_cutDirection":8},{"_time":192.1787709497213,"_lineIndex":0,"_lineLayer":0,"_type":0,"_cutDirection":8},{"_time":194.4134078212297,"_lineIndex":2,"_lineLayer":0,"_type":1,"_cutDirection":8},{"_time":196.6480446927381,"_lineIndex":3,"_lineLayer":0,"_type":1,"_cutDirection":8},{"_time":198.8826815642465,"_lineIndex":1,"_lineLayer":0,"_type":0,"_cutDirection":8},{"_time":201.1173184357549,"_lineIndex":0,"_lineLayer":0,"_type":0,"_cutDirection":8},{"_time":203.35195530726332,"_lineIndex":2,"_lineLayer":0,"_type":1,"_cutDirection":8},{"_time":204.4692737430175,"_lineIndex":2,"_lineLayer":0,"_type":1,"_cutDirection":8},{"_time":205.58659217877172,"_lineIndex":1,"_lineLayer":0,"_type":0,"_cutDirection":8},{"_time":207.82122905028012,"_lineIndex":3,"_lineLayer":0,"_type":1,"_cutDirection":8},{"_time":210.05586592178852,"_lineIndex":2,"_lineLayer":0,"_type":1,"_cutDirection":8},{"_time":212.29050279329692,"_lineIndex":1,"_lineLayer":0,"_type":0,"_cutDirection":8},{"_time":214.5251396648053,"_lineIndex":0,"_lineLayer":0,"_type":0,"_cutDirection":8},{"_time":216.75977653631364,"_lineIndex":3,"_lineLayer":0,"_type":1,"_cutDirection":8},{"_time":218.99441340782198,"_lineIndex":0,"_lineLayer":0,"_type":0,"_cutDirection":8},{"_time":220.11173184357617,"_lineIndex":2,"_lineLayer":0,"_type":1,"_cutDirection":8},{"_time":221.22905027933035,"_lineIndex":0,"_lineLayer":0,"_type":0,"_cutDirection":8},{"_time":223.4636871508387,"_lineIndex":3,"_lineLayer":0,"_type":1,"_cutDirection":8},{"_time":224.58100558659285,"_lineIndex":1,"_lineLayer":0,"_type":0,"_cutDirection":8},{"_time":225.69832402234707,"_lineIndex":3,"_lineLayer":0,"_type":1,"_cutDirection":8},{"_time":227.9329608938554,"_lineIndex":0,"_lineLayer":0,"_type":0,"_cutDirection":8},{"_time":229.05027932960957,"_lineIndex":3,"_lineLayer":0,"_type":1,"_cutDirection":8},{"_time":230.16759776536375,"_lineIndex":3,"_lineLayer":0,"_type":1,"_cutDirection":8},{"_time":232.4022346368721,"_lineIndex":3,"_lineLayer":0,"_type":1,"_cutDirection":8},{"_time":233.51955307262628,"_lineIndex":0,"_lineLayer":0,"_type":0,"_cutDirection":8},{"_time":234.63687150838047,"_lineIndex":0,"_lineLayer":0,"_type":0,"_cutDirection":8},{"_time":236.8715083798888,"_lineIndex":3,"_lineLayer":0,"_type":1,"_cutDirection":8},{"_time":237.98882681564297,"_lineIndex":1,"_lineLayer":0,"_type":0,"_cutDirection":8},{"_time":239.10614525139718,"_lineIndex":0,"_lineLayer":0,"_type":0,"_cutDirection":8},{"_time":240.22346368715134,"_lineIndex":1,"_lineLayer":0,"_type":0,"_cutDirection":8},{"_time":241.34078212290552,"_lineIndex":3,"_lineLayer":0,"_type":1,"_cutDirection":8},{"_time":242.45810055865968,"_lineIndex":1,"_lineLayer":0,"_type":0,"_cutDirection":8},{"_time":243.57541899441387,"_lineIndex":0,"_lineLayer":0,"_type":0,"_cutDirection":8},{"_time":245.8100558659222,"_lineIndex":1,"_lineLayer":0,"_type":0,"_cutDirection":8},{"_time":246.9273743016764,"_lineIndex":2,"_lineLayer":0,"_type":1,"_cutDirection":8},{"_time":248.04469273743058,"_lineIndex":1,"_lineLayer":0,"_type":0,"_cutDirection":8},{"_time":250.27932960893892,"_lineIndex":3,"_lineLayer":0,"_type":1,"_cutDirection":8},{"_time":251.39664804469308,"_lineIndex":0,"_lineLayer":0,"_type":0,"_cutDirection":8},{"_time":252.5139664804473,"_lineIndex":3,"_lineLayer":0,"_type":1,"_cutDirection":8},{"_time":254.74860335195564,"_lineIndex":0,"_lineLayer":0,"_type":0,"_cutDirection":8},{"_time":256.983240223464,"_lineIndex":3,"_lineLayer":0,"_type":1,"_cutDirection":8},{"_time":259.2178770949723,"_lineIndex":0,"_lineLayer":0,"_type":0,"_cutDirection":8},{"_time":260.3351955307265,"_lineIndex":3,"_lineLayer":0,"_type":1,"_cutDirection":8},{"_time":261.4525139664807,"_lineIndex":0,"_lineLayer":0,"_type":0,"_cutDirection":8},{"_time":263.687150837989,"_lineIndex":0,"_lineLayer":0,"_type":0,"_cutDirection":8},{"_time":263.687150837989,"_lineIndex":3,"_lineLayer":0,"_type":1,"_cutDirection":8},{"_time":265.9217877094974,"_lineIndex":1,"_lineLayer":0,"_type":0,"_cutDirection":8},{"_time":268.15642458100575,"_lineIndex":3,"_lineLayer":0,"_type":1,"_cutDirection":8},{"_time":269.2737430167599,"_lineIndex":2,"_lineLayer":0,"_type":1,"_cutDirection":8},{"_time":270.3910614525141,"_lineIndex":3,"_lineLayer":0,"_type":1,"_cutDirection":8},{"_time":272.62569832402244,"_lineIndex":1,"_lineLayer":0,"_type":0,"_cutDirection":8},{"_time":272.62569832402244,"_lineIndex":2,"_lineLayer":0,"_type":1,"_cutDirection":8},{"_time":273.74301675977665,"_lineIndex":1,"_lineLayer":0,"_type":0,"_cutDirection":8},{"_time":274.8603351955308,"_lineIndex":2,"_lineLayer":0,"_type":1,"_cutDirection":8},{"_time":277.0949720670391,"_lineIndex":3,"_lineLayer":0,"_type":1,"_cutDirection":8},{"_time":278.21229050279334,"_lineIndex":0,"_lineLayer":0,"_type":0,"_cutDirection":8},{"_time":279.3296089385475,"_lineIndex":3,"_lineLayer":0,"_type":1,"_cutDirection":8},{"_time":281.56424581005587,"_lineIndex":0,"_lineLayer":0,"_type":0,"_cutDirection":8},{"_time":283.79888268156424,"_lineIndex":1,"_lineLayer":0,"_type":0,"_cutDirection":8},{"_time":286.03351955307255,"_lineIndex":3,"_lineLayer":0,"_type":1,"_cutDirection":8},{"_time":288.2681564245809,"_lineIndex":1,"_lineLayer":0,"_type":0,"_cutDirection":8},{"_time":290.5027932960893,"_lineIndex":2,"_lineLayer":0,"_type":1,"_cutDirection":8},{"_time":292.7374301675976,"_lineIndex":1,"_lineLayer":0,"_type":0,"_cutDirection":8},{"_time":294.972067039106,"_lineIndex":2,"_lineLayer":0,"_type":1,"_cutDirection":8},{"_time":297.2067039106143,"_lineIndex":1,"_lineLayer":0,"_type":0,"_cutDirection":8},{"_time":297.2067039106143,"_lineIndex":2,"_lineLayer":0,"_type":1,"_cutDirection":8},{"_time":299.4413407821227,"_lineIndex":0,"_lineLayer":0,"_type":0,"_cutDirection":8},{"_time":299.4413407821227,"_lineIndex":3,"_lineLayer":0,"_type":1,"_cutDirection":8},{"_time":303.91061452513935,"_lineIndex":0,"_lineLayer":0,"_type":0,"_cutDirection":8},{"_time":305.02793296089357,"_lineIndex":1,"_lineLayer":0,"_type":0,"_cutDirection":8},{"_time":306.1452513966477,"_lineIndex":0,"_lineLayer":0,"_type":0,"_cutDirection":8},{"_time":308.3798882681561,"_lineIndex":3,"_lineLayer":0,"_type":1,"_cutDirection":8},{"_time":309.4972067039103,"_lineIndex":2,"_lineLayer":0,"_type":1,"_cutDirection":8},{"_time":310.61452513966447,"_lineIndex":3,"_lineLayer":0,"_type":1,"_cutDirection":8},{"_time":312.8491620111728,"_lineIndex":2,"_lineLayer":0,"_type":1,"_cutDirection":8},{"_time":313.96648044692694,"_lineIndex":2,"_lineLayer":0,"_type":1,"_cutDirection":8},{"_time":315.08379888268115,"_lineIndex":2,"_lineLayer":0,"_type":1,"_cutDirection":8},{"_time":316.2011173184353,"_lineIndex":2,"_lineLayer":0,"_type":1,"_cutDirection":8},{"_time":317.3184357541895,"_lineIndex":1,"_lineLayer":0,"_type":0,"_cutDirection":8},{"_time":319.55307262569784,"_lineIndex":0,"_lineLayer":0,"_type":0,"_cutDirection":8},{"_time":321.7877094972062,"_lineIndex":1,"_lineLayer":0,"_type":0,"_cutDirection":8},{"_time":324.0223463687145,"_lineIndex":3,"_lineLayer":0,"_type":1,"_cutDirection":8},{"_time":326.25698324022295,"_lineIndex":1,"_lineLayer":0,"_type":0,"_cutDirection":8},{"_time":327.3743016759771,"_lineIndex":0,"_lineLayer":0,"_type":0,"_cutDirection":8},{"_time":328.49162011173127,"_lineIndex":1,"_lineLayer":0,"_type":0,"_cutDirection":8},{"_time":329.6089385474854,"_lineIndex":0,"_lineLayer":0,"_type":0,"_cutDirection":8},{"_time":330.7262569832396,"_lineIndex":3,"_lineLayer":0,"_type":1,"_cutDirection":8},{"_time":331.8435754189938,"_lineIndex":0,"_lineLayer":0,"_type":0,"_cutDirection":8},{"_time":332.96089385474795,"_lineIndex":3,"_lineLayer":0,"_type":1,"_cutDirection":8},{"_time":335.1955307262563,"_lineIndex":3,"_lineLayer":0,"_type":1,"_cutDirection":8},{"_time":336.31284916201054,"_lineIndex":1,"_lineLayer":0,"_type":0,"_cutDirection":8},{"_time":337.4301675977647,"_lineIndex":0,"_lineLayer":0,"_type":0,"_cutDirection":8},{"_time":339.664804469273,"_lineIndex":0,"_lineLayer":0,"_type":0,"_cutDirection":8},{"_time":340.78212290502717,"_lineIndex":1,"_lineLayer":0,"_type":0,"_cutDirection":8},{"_time":341.8994413407814,"_lineIndex":3,"_lineLayer":0,"_type":1,"_cutDirection":8},{"_time":344.13407821228975,"_lineIndex":0,"_lineLayer":0,"_type":0,"_cutDirection":8},{"_time":345.2513966480439,"_lineIndex":1,"_lineLayer":0,"_type":0,"_cutDirection":8},{"_time":346.36871508379807,"_lineIndex":3,"_lineLayer":0,"_type":1,"_cutDirection":8},{"_time":348.60335195530644,"_lineIndex":3,"_lineLayer":0,"_type":1,"_cutDirection":8},{"_time":349.7206703910606,"_lineIndex":1,"_lineLayer":0,"_type":0,"_cutDirection":8},{"_time":350.83798882681475,"_lineIndex":0,"_lineLayer":0,"_type":0,"_cutDirection":8},{"_time":351.9553072625689,"_lineIndex":1,"_lineLayer":0,"_type":0,"_cutDirection":8},{"_time":353.0726256983232,"_lineIndex":0,"_lineLayer":0,"_type":0,"_cutDirection":8},{"_time":354.18994413407734,"_lineIndex":2,"_lineLayer":0,"_type":1,"_cutDirection":8},{"_time":355.3072625698315,"_lineIndex":3,"_lineLayer":0,"_type":1,"_cutDirection":8},{"_time":357.5418994413398,"_lineIndex":3,"_lineLayer":0,"_type":1,"_cutDirection":8},{"_time":358.659217877094,"_lineIndex":2,"_lineLayer":0,"_type":1,"_cutDirection":8},{"_time":359.7765363128482,"_lineIndex":0,"_lineLayer":0,"_type":0,"_cutDirection":8},{"_time":362.01117318435655,"_lineIndex":0,"_lineLayer":0,"_type":0,"_cutDirection":8},{"_time":363.12849162011076,"_lineIndex":0,"_lineLayer":0,"_type":0,"_cutDirection":8},{"_time":364.2458100558649,"_lineIndex":3,"_lineLayer":0,"_type":1,"_cutDirection":8},{"_time":365.3631284916191,"_lineIndex":3,"_lineLayer":0,"_type":1,"_cutDirection":8},{"_time":366.48044692737324,"_lineIndex":0,"_lineLayer":0,"_type":0,"_cutDirection":8},{"_time":368.7150837988816,"_lineIndex":3,"_lineLayer":0,"_type":1,"_cutDirection":8},{"_time":370.94972067039,"_lineIndex":0,"_lineLayer":0,"_type":0,"_cutDirection":8},{"_time":370.94972067039,"_lineIndex":3,"_lineLayer":0,"_type":1,"_cutDirection":8},{"_time":375.41899441340666,"_lineIndex":1,"_lineLayer":0,"_type":0,"_cutDirection":8},{"_time":377.653631284915,"_lineIndex":2,"_lineLayer":0,"_type":1,"_cutDirection":8},{"_time":379.8882681564234,"_lineIndex":0,"_lineLayer":0,"_type":0,"_cutDirection":8},{"_time":379.8882681564234,"_lineIndex":3,"_lineLayer":0,"_type":1,"_cutDirection":8}],"_obstacles":[]}